,id,alg,cell_type_maze_tu,cell_type_maze_s,cell_type_maze_T,cell_type_maze_c,sol_type_maze_tu,sol_type_maze_s,sol_type_maze_d,sol_type_maze_len
0,aea1f68e-4cd5-4b5c-a54c-fbef633506d0,problog,5,4,10,2,1,0,7,9
1,90eac62f-02e6-42db-a4e0-227acc3bbfc1,problog,4,7,8,4,1,1,6,9
2,d6b5c1e3-bdab-4795-8d6d-d93b6c8512ff,problog,7,5,6,1,3,0,6,11
3,f1b244c2-3429-48c4-8cb5-5be4b9bd2856,problog,7,4,7,2,2,1,4,9
4,2c2c3499-5ae0-4269-abeb-b709194271e0,problog,6,3,9,4,0,0,7,9
5,8850381e-e11c-42ac-963b-026d0356eabf,problog,8,4,6,1,3,0,4,9
6,10d210ae-33e2-446b-a9a2-a37d34b44306,problog,9,3,10,1,1,0,7,9
7,161b6aa4-7ae8-49d7-bc0b-f5315c17fbdd,problog,6,3,9,0,2,2,5,9
8,7528fccc-04f6-402a-9031-8531880ac0fd,problog,9,6,6,0,4,2,4,11
9,33148995-7649-4b66-8c54-c779c9aa3478,problog,5,1,8,5,0,0,7,9
10,a8d6f28d-b56d-4b7b-a16b-6648e93cc2cf,problog,6,3,11,2,3,1,5,9
11,5245045c-bacf-40c9-a022-f08a57b42009,problog,8,2,9,1,3,0,5,9
12,c0676998-0b86-4dd9-8c38-ed9584e20a9e,problog,7,6,9,0,4,3,4,13
13,9e4a177d-1e4b-47d4-9877-96058d8fe250,problog,7,6,4,2,2,1,5,9
14,c53a9c9d-43ee-4fe7-ac14-4ae79bce32eb,problog,6,5,5,4,3,1,5,9
15,95e14046-039d-47ba-b3f1-d292267b9854,problog,8,2,8,3,2,0,6,9
16,a38a541c-5bf5-4c2d-865c-4b92a4f13a76,problog,7,2,12,2,2,0,7,9
17,e771d667-cc53-4f91-af61-1d1998337048,problog,8,2,6,3,2,2,4,9
18,374f656a-5d31-44c0-b642-316c6442760d,problog,5,8,6,0,1,3,3,9
19,882e0956-1cf0-4af0-ad8e-e1ee14b22f94,problog,3,5,12,1,2,3,3,9
20,e754f255-bef8-49f8-9a5b-c5ca44e1f0ac,problog,6,5,5,2,2,0,6,9
21,0225330e-7bcb-47f4-8892-a1c50b6f1bde,problog,9,3,6,1,3,2,5,11
22,97d56387-310b-4832-b819-9ee54245f3dd,problog,3,4,10,2,1,0,7,9
23,eedf06c8-37ab-492f-87a1-675dc3a669b5,problog,5,4,10,0,1,0,7,9
24,781f22e3-727b-4492-89dd-5840c6a6a122,problog,5,4,10,0,3,1,4,9
25,76cafb3c-2f88-4001-881f-1e825eda8d24,problog,5,4,9,2,0,2,5,9
26,6ccefe53-adb4-4787-94f7-4c955d3dc6af,problog,5,4,10,2,3,0,6,9
27,3098a7bc-a2cc-4d4f-afa0-7233e26692aa,problog,8,2,10,3,1,0,7,9
28,0177aa7a-7b5c-4816-8681-3bf3a3cd579d,problog,5,3,10,1,2,1,5,9
29,ae6e2a3a-878a-4e6b-b3a9-35dfb3e2c423,problog,7,3,7,3,3,0,5,9
30,87908191-5d69-4388-80fa-f1901e534ee3,problog,5,3,8,3,1,1,6,9
31,f9b796a1-a322-485a-a2da-91c5aa80c322,problog,5,4,6,4,0,1,6,9
32,d46a3e43-d69f-43d7-9cff-7bea60e7f5bd,problog,8,3,5,4,3,2,4,9
33,3216f05e-9f73-4d80-b335-ffa0dab29d9e,problog,5,7,10,1,3,1,5,9
34,62a45d61-828a-45c7-850a-b06f546f33b4,problog,7,2,7,2,2,1,6,11
35,905f1d81-acdb-4dbb-bceb-9227813c3852,problog,3,4,8,2,0,3,4,9
36,928b01a3-eb2b-4b04-90a4-020af7cc3030,problog,5,6,8,0,3,1,5,11
37,da3b52d9-424f-4fd7-ae9e-5a556602a86b,problog,6,6,4,3,1,1,5,9
38,c7a99322-4fa1-406d-af24-e10c5e5739cf,problog,5,6,8,0,2,4,3,11
39,24aadb36-55b2-405e-af20-801e7f7102a3,problog,5,7,8,1,2,0,6,9
40,a8082a36-ac93-4c02-851c-a3af6e582f12,problog,6,6,9,1,0,0,7,9
41,d2d34a1b-765e-437e-a9b7-49a6cd6bdd89,problog,6,2,11,1,1,1,6,9
42,2b712b62-9a64-4657-b9c2-40563b23a4ea,problog,8,7,7,0,4,2,4,11
43,a88073cc-ed2b-4e31-9fc3-c21bda57e94a,problog,4,11,6,0,3,5,1,9
44,8aad7f26-9ec0-4a78-bbd3-d087a007a835,problog,5,4,10,2,2,1,6,9
45,c6ff8175-86f8-4569-81b3-1517af175177,problog,7,6,7,4,3,2,4,9
46,d6eaba6b-6eba-4bf5-881e-336dfc0deefc,problog,8,2,6,3,2,0,6,9
47,4bed2967-a2cd-4e7d-ab01-1e40cf699157,problog,7,8,10,0,3,2,4,9
48,f3e9c944-e08c-4046-8cfe-e86b7fad6ad7,problog,6,4,11,3,1,1,6,9
49,0c1231cf-bad3-4333-8ccb-52ef7ad393c4,problog,6,5,5,2,1,0,7,9
50,85bdaacb-95b2-4103-87da-eca05b2364c2,problog,5,4,9,0,0,2,5,9
51,da59d6ef-c15e-4c34-a585-bd1523518078,problog,7,6,7,0,3,2,4,9
52,2778105f-84d3-4f51-8069-8ef0b6d8c0f9,problog,5,4,8,2,2,1,5,9
53,1f8d0ef8-5499-49f0-8138-b6c11b270d6d,problog,7,5,8,1,4,1,4,9
54,f5ffe969-fdad-4929-a5c9-e5911ee50ba4,problog,6,6,7,1,2,0,6,9
55,92888a62-4cfd-448d-967c-c9b5d6a17842,problog,6,4,10,1,2,1,5,9
56,c4f01408-b89e-484a-a677-6e57752ca12f,problog,5,7,8,1,2,2,5,9
57,ca0c0767-d382-4e61-a9a9-6dbdb54de0a5,problog,4,3,8,2,1,0,6,9
58,3ef9fe7d-b56e-46c1-a627-1986ee22e5f8,problog,6,2,11,1,1,1,6,9
59,22ba0c5f-4f1f-40b8-aeb3-dca27eccebb2,problog,6,2,7,3,1,2,6,11
60,eba98431-3bb1-4904-b980-f9e863e96c50,problog,11,5,5,1,3,2,4,9
61,996e74ca-4846-4d1c-8ce4-c941e0fabff7,problog,9,1,7,3,2,0,5,9
62,2dfb4986-d750-4efb-bbbf-6e1174aab316,problog,6,2,9,1,1,0,6,9
63,93c110d6-19ae-4b94-a0ec-559c2ed301e2,problog,6,3,9,2,1,0,6,9
64,ce680296-116c-4347-8d9c-9c8612272924,problog,8,4,9,1,3,2,4,9
65,9afa9552-5bad-46db-a246-594faf13cae7,problog,5,5,8,1,2,2,4,9
66,2e3767ba-4d0c-455a-91cd-71b55690affc,problog,5,2,12,2,3,1,4,9
67,37f49326-daf3-402f-a4ff-3cf35141aa36,problog,8,5,6,2,2,1,6,11
68,cd5e4caf-4d77-4c34-84b0-7b4f38e30cad,problog,8,2,8,1,1,1,6,9
69,2c5059f6-21d3-4229-a095-88089313af6a,problog,7,7,8,1,1,0,7,9
70,8bdd8d29-389d-455f-a2e9-de272f24c109,problog,5,6,8,2,1,2,5,9
71,069321af-b3ea-4832-b40a-eda3d920b10d,problog,6,8,5,1,3,2,5,11
72,596dab30-ef78-4d98-a91b-3d807f65e7e1,problog,7,6,6,2,4,4,4,13
73,e81eba81-0e33-494c-a99d-d34d9eaa30b9,problog,6,5,6,4,0,2,5,9
74,11f9f86b-bb4a-4103-9362-29205fc47f62,problog,7,3,11,1,2,0,6,9
75,07e2ba2c-d60c-4b21-aad0-0902bea1388d,problog,7,5,9,1,2,2,4,9
76,c8348850-fc21-4635-89dd-c9ce3481a43b,problog,6,9,2,2,2,1,4,9
77,d6fe5e77-c2a7-4050-8f20-d6cb9bb03a55,problog,7,2,10,2,1,0,7,9
78,563689a4-c7d7-4de5-827c-d648722157dd,problog,7,2,7,2,1,0,6,9
79,f0c95aa0-f8aa-4463-a18a-0905a1762328,problog,5,7,7,1,3,2,4,11
80,dbaed47b-0513-4927-8177-3d7377184dd5,problog,7,4,10,2,3,0,6,9
81,6dde168e-6f61-4e6c-87ea-46f611c20659,problog,5,6,11,0,2,1,6,9
82,d998a663-321b-4a7d-bcca-778ea8178dca,problog,4,5,9,2,1,1,5,9
83,96253fb8-9a17-4aa6-b3a9-b89eef0e6be5,problog,10,2,9,1,1,0,6,9
84,2e6974c5-b80a-4346-9f60-83fbebec9c87,problog,9,10,3,0,3,6,2,13
85,f7e24489-49f4-4fd4-8c03-4b89990c91b2,problog,7,4,4,2,3,0,4,9
86,3d57a55a-d084-4bcc-8f53-70959c83af37,problog,7,4,8,2,2,0,6,9
87,1ca4f347-4a62-4c16-85ba-b4e7736a53d8,problog,5,6,7,2,2,1,5,9
88,352f423e-d207-4403-89dc-81a44f560d61,problog,10,3,7,2,1,0,7,9
89,311252cb-5c2a-488c-ab91-9d11a0a1084c,problog,5,6,6,4,3,1,5,9
90,282a9919-edfc-48e5-9c9d-d8187ffcdb58,problog,8,2,7,1,5,0,4,11
91,bd119710-a92a-4c98-ac1f-3737e8d01021,problog,8,3,8,4,2,2,4,9
92,a1d197cb-ae34-4985-a8e8-de6002a0e0cb,problog,6,2,7,3,1,0,6,9
93,b04b27d6-3187-49b1-ba4e-6291384a8719,problog,8,5,8,0,2,0,6,9
94,f81c9c12-37cd-402d-bbbc-d83ccc70b044,problog,7,7,7,1,2,1,7,11
95,b115f751-5dd1-4fb1-9305-9400e38176e1,problog,6,7,5,2,2,2,4,9
96,0f91b209-dc8b-4ed1-a2d6-0fc20828423c,problog,5,2,8,6,3,0,6,9
97,f2365c53-0fae-4cd7-be47-659c56e621aa,problog,10,4,4,3,3,3,4,11
98,391ade3a-713c-4c44-b428-440e4caed534,problog,9,5,4,1,4,0,4,9
99,4ca0ed56-035d-43a7-a5a9-097e737b67e0,problog,6,6,7,1,2,3,3,9
100,30432f47-a532-48ae-ba5c-de0d3fe55c0d,problog,5,5,9,1,1,1,6,9
101,27f9783d-aa1a-4b28-ad68-2458a7cfe6f8,problog,10,4,8,3,3,0,6,9
102,31eaa98e-d184-4664-a865-9224ba99614d,problog,7,3,6,3,3,0,5,9
103,7711518f-1df9-4aa9-b461-f7a15e473556,problog,7,4,9,2,0,0,7,9
104,f981c429-4303-4dee-86f7-a468cd800c43,problog,3,7,9,1,1,1,6,9
105,2efd5ae7-59c5-4f60-bb71-e60a5e10dcb3,problog,5,4,12,0,3,0,6,9
106,48a67f99-e767-43d2-a3ba-6652ef92274c,problog,7,5,6,1,2,0,6,9
107,d3ceb8e9-551d-44aa-9f9b-91afbabd9ecc,problog,5,6,11,0,3,2,4,9
108,7dc06d2e-d42b-496d-9ece-e12f3abd7715,problog,6,4,11,1,3,1,5,9
109,4dfc8234-838c-4959-af67-c2a1c2da0ddd,problog,6,5,6,2,1,1,5,9
110,1d5c08ce-1392-4b5b-b209-b81819794d58,problog,5,3,8,1,2,0,6,9
111,f88e77ba-4df9-4706-a176-1528ccd1ecb4,problog,3,2,10,2,0,1,8,11
112,31edd110-d7e7-4d90-a01e-f711605e5fea,problog,7,4,10,0,2,0,6,9
113,90c24066-4831-419b-97c2-35aec7c0f088,problog,8,5,10,0,3,1,5,9
114,33f5fbef-b558-4429-b6d6-c441947e2121,problog,5,4,11,0,1,2,4,9
115,cc02b7c7-6ba1-468e-8e55-2eacb14b5852,problog,5,5,7,3,2,1,5,9
116,aa7c7972-18a7-4dc1-ac17-d5cadf7444db,problog,9,4,6,4,2,0,6,9
117,2336b816-9814-4778-ad80-b597322edea2,problog,10,6,6,1,5,1,3,9
118,2de3ee96-e1d5-4c92-be81-edcdc0b8e56e,problog,6,4,5,1,1,1,5,9
119,120a7700-3301-4c37-944d-547da4a71078,problog,7,5,7,1,3,2,5,11
120,cb81ef08-7da6-4969-9c54-4efb001736bc,problog,8,5,5,2,1,2,5,9
121,398bacd6-4a8e-4b9c-a6cd-421a5e4d2785,problog,7,3,10,1,2,0,6,9
122,4dbdb241-56f4-494b-a501-705607aa8c1d,problog,8,4,9,1,2,1,5,9
123,03474849-ca17-44d9-b65b-19febbe6f275,problog,8,4,7,1,5,2,3,11
124,ae10478a-9232-4739-a9cb-7fd83680c9ba,problog,8,3,6,2,1,0,6,9
125,8b3a2309-156d-4265-816d-8c7ecb53dc2b,problog,7,3,10,1,3,0,6,9
126,e640fe78-dca5-4f69-a1d0-488f19819b26,problog,4,6,12,3,3,2,4,9
127,0a7f3ec6-64a3-46b2-86ba-bf58aefd4a2c,problog,4,5,11,2,3,0,6,9
128,a9f990fe-db51-4e35-9c09-d2c9d0e9577e,problog,10,3,7,2,3,0,6,11
129,4681b586-1de8-4551-98db-40208d06fa0f,problog,8,3,10,2,2,0,6,9
130,5116be48-6de3-4eb1-af4f-ad0b1a83c019,problog,7,5,6,1,3,1,4,9
131,0d2f4809-f4a9-455c-ab3c-02741b1523b0,problog,10,5,5,2,4,2,5,11
132,ac61075a-24c0-42fd-8c11-b0e0e0080065,problog,6,5,9,0,2,2,4,9
133,7d974784-b6da-48bd-940c-1ca53641b2b8,problog,8,7,5,0,3,0,5,9
134,ab5d16f6-73d5-458b-9cf6-1ebf17722902,problog,9,5,6,1,4,3,3,11
135,f92397f1-5814-4de2-a88b-df28906337fb,problog,8,9,4,2,2,4,2,9
136,bdd3ccc0-8c4e-4b81-bbda-5100e32f5e23,problog,6,6,6,1,1,1,6,9
137,dc5611a6-df05-4a1a-8ad2-00a74f0df3eb,problog,7,8,6,0,2,2,4,9
138,97e1866f-ada4-445a-a28f-0eec79d475d0,problog,5,4,8,2,1,3,3,9
139,0ecf5b89-e376-437f-a41e-a5f2da5c3a34,problog,4,7,9,0,2,1,5,9
140,9ca75635-423f-4ec7-91b4-9faa12ada08d,problog,5,6,11,0,1,2,5,9
141,af9598de-2fed-4263-9f60-51a1307cc739,problog,4,4,11,3,1,0,7,9
142,f2353eaf-dbed-4f5f-b50b-e359207b6568,problog,8,4,6,1,3,3,3,11
143,184cc3fa-51f0-468f-b366-49048f407dbf,problog,4,3,12,2,1,1,6,9
144,5eedfb63-41e4-4432-acaf-95cc62f5b700,problog,7,4,7,2,1,0,6,9
145,032dcc9b-3aa8-4295-9abe-26a2a0bff1d8,problog,5,5,10,3,3,0,6,9
146,115629c7-52ea-4332-8ce8-aeb46f39427f,problog,2,4,9,3,0,0,7,9
147,09e5e833-e358-4430-9fe7-852e9c92f3ac,problog,7,8,7,0,3,0,6,9
148,75cd38ee-57a9-4a65-a251-c1248e4b00d5,problog,5,6,9,2,2,1,5,9
149,c8c1aec4-b01f-4e6e-9059-f6aa9a2314ff,problog,2,3,11,2,0,0,7,9
150,bee505c7-bb49-4897-809b-eb0e0322fc0d,problog,11,2,7,2,3,0,7,11
151,caa9f59f-a0b7-4330-aeab-d59a46c79512,problog,6,5,7,2,0,0,7,9
152,95a4eecd-5596-4171-a3c9-22d7f7651227,problog,9,6,6,2,5,0,4,9
153,06e76b0c-3c25-45a7-973f-f9c4aa2f8237,problog,5,7,9,1,0,1,6,9
154,0a8a2778-80f1-443d-92ae-6878bbd39fab,problog,7,7,9,1,2,3,3,9
155,ffb7ef27-41e0-4006-af46-477b436b6fee,problog,7,3,10,3,0,0,7,9
156,11eeca40-90cb-42d1-912f-4281c0318ba4,problog,6,6,8,1,3,4,2,9
157,70a39d68-4795-472a-bf2f-1b33c1a9d67b,problog,6,6,7,1,3,0,5,9
158,94b1d126-1010-4210-9246-08b65cf8d687,problog,7,7,6,1,3,1,5,9
159,f3fee56c-c703-4f3c-93a1-40ab76c1ca31,problog,7,4,8,2,2,2,4,9
160,7abeb05b-a554-489f-abef-70939fb07bf8,problog,6,3,10,2,3,1,6,11
161,4aae1c3c-0642-4dfb-b23f-4f354bcf7606,problog,3,5,7,3,0,1,6,9
162,f9e3450d-e569-4e59-ac2c-fa9aace661e4,problog,7,5,7,1,2,0,6,9
163,e7353171-3018-4319-b500-2fea8d03d603,problog,5,5,10,1,1,0,7,9
164,bb6b7a7b-82b5-42d3-9fdb-9ed018eca15f,problog,8,5,6,0,4,1,5,11
165,af3aab4a-5952-452a-bf72-4d2ba332162e,problog,8,2,7,3,1,0,7,9
166,cf09752b-eab1-410e-b69d-ba88a89a0ece,problog,5,2,8,2,1,0,7,9
167,55ece738-c3eb-41af-90ff-95aae23e9780,problog,4,6,9,1,2,1,5,9
168,1042dfda-5b31-42d4-b473-497f8f595d77,problog,7,4,10,2,2,1,5,9
169,26722f79-0633-45d3-b52f-7e4b5b025044,problog,5,6,5,2,1,3,3,9
170,ae48a5d8-e0b4-4fd1-a9e7-78faf91b6099,problog,4,3,11,0,3,2,3,9
171,c1b51fb1-7958-40be-b60e-5b2266e9446b,problog,7,2,6,4,3,0,4,9
172,e1749445-1bf2-4373-b326-c2ed9d04bb8d,problog,7,4,7,0,5,1,5,13
173,adad795d-1bf8-400e-af16-7b1e7255eef0,problog,7,3,7,1,3,1,5,11
174,2033a768-4b89-4db3-857e-68581808a048,problog,8,3,6,0,5,0,4,11
175,0b5257bf-0a57-4fdd-8220-fcf0a52e9724,problog,3,8,7,0,2,1,5,9
176,c04ca838-5289-4f91-97dc-c456cb5e5ccd,problog,8,2,9,3,2,0,7,9
177,a4ec544e-e4b6-4058-b149-05ed8ace7d22,problog,8,4,9,3,3,2,4,9
178,1c684b64-dc8e-4d27-a0e4-4588396bc1c5,problog,6,6,7,1,3,2,3,9
179,4b16075b-12a5-4287-9168-8b45a7837cf3,problog,5,3,9,1,3,1,5,11
180,51fc15ad-fca5-416c-b894-b97eb1affab5,problog,5,6,9,2,2,2,4,9
181,9ad19a46-8199-4302-a6f9-6c3852790cbd,problog,6,10,4,1,3,3,3,9
182,04ad2251-4ccd-4ccd-a342-8443ec6f9d59,problog,7,3,7,1,3,0,5,9
183,02f810e7-b6de-45dd-b685-f74e5fc92c2f,problog,6,3,8,4,0,0,7,9
184,d4f8d861-f43a-4028-9760-899c53d1ddae,problog,4,2,9,3,1,1,5,9
185,f3b87236-a128-4d4e-aaa4-03a6288760b7,problog,6,5,7,2,2,1,5,9
186,f1795341-8b8b-4c75-a9e8-d608ddeaa16b,problog,5,4,8,2,1,1,5,9
187,9325029b-34d1-4d34-aadf-ebbe696555f0,problog,7,2,11,0,2,1,5,9
188,cf308e85-88b9-4b50-9120-46d33beeb341,problog,7,1,9,3,2,0,6,9
189,d880af6c-7715-46ab-8d17-69cc354fe144,problog,5,2,9,2,1,0,6,9
190,a457e803-3ad0-4c18-929e-16e99fabf37c,problog,5,2,11,2,1,0,7,9
191,c6a30c75-2d24-4811-b6e3-f442a15b40d4,problog,8,5,9,0,1,3,4,9
192,6322e294-cd06-4744-9141-d60d1783606f,problog,9,6,6,0,5,1,5,11
193,698f7b54-838e-49cf-b40a-85558ed82ef5,problog,5,8,6,0,1,4,2,9
194,e58cc918-8053-4cff-bfd4-613b7b666a24,problog,7,3,9,3,2,1,5,9
195,c538be25-2810-4c70-ba10-e5fa8c817bdb,problog,6,5,8,2,2,0,6,9
196,2b075b92-31f0-44ec-90db-5e7d3cc6dbd0,problog,8,3,7,2,2,1,7,11
197,3d8b1eb4-2156-48ab-92ba-09c7bb9e5aed,problog,3,2,9,2,1,0,6,9
198,36975567-65b2-415f-b3e8-07401c5cdc0a,problog,3,8,6,2,1,2,5,9
199,6473c47e-e378-4306-b715-3268de7db008,problog,8,1,7,4,2,1,5,9
200,f66ef73d-a248-4bf7-8fd1-8e6d13fa001f,problog,3,7,7,1,2,1,5,9
201,04258742-45b4-4ac2-98f1-9ae6c5d36a4c,problog,5,4,8,2,1,0,6,9
202,34cd89e0-f2cf-4f86-a0ee-2429327f6b74,problog,6,5,8,2,1,1,6,9
203,0f6965e8-8c4b-4347-bf1c-552351209e23,problog,6,6,6,1,3,3,3,9
204,e51cc96f-7925-4b5d-9e28-402442b1adf3,problog,6,6,11,1,2,0,6,9
205,beb850b3-7ba8-47b2-98cb-4dca4b57ff1a,problog,5,5,7,3,1,0,6,9
206,a61fc1de-99e7-425e-8125-29ad5e0eaa49,problog,4,5,9,0,2,0,6,9
207,f2cd3977-4133-4f56-bd70-b7607c43c395,problog,6,6,9,1,3,1,5,9
208,212e1b2a-b40a-42bb-84a2-902b1be3f0c8,problog,5,2,10,4,2,0,6,9
209,a39098c0-a765-460d-b586-005e2735176c,problog,6,3,10,0,2,0,6,9
210,1653ce50-0958-444e-933c-ffee46cef3e8,problog,9,0,8,4,3,0,6,9
211,73406133-8434-4d2b-a43d-88778d079692,problog,7,5,7,1,2,0,6,9
212,60fc6b04-ba1d-479c-9825-55baa0da60b1,problog,3,2,11,2,0,0,7,9
213,a49ec819-5084-4c4e-96cf-f33feaadaecf,problog,4,5,10,0,4,0,5,9
214,d358399c-7cac-4a35-825e-6cd1869a0b3e,problog,8,5,8,0,3,0,5,9
215,af0cd3c9-0498-4aad-a69e-744acc81cf49,problog,7,9,4,1,2,2,4,9
216,832e6e82-8332-4d92-8f2b-da6b95f07587,problog,4,6,9,1,0,1,6,9
217,10c2a96c-d831-4b77-a642-009f75936f8a,problog,6,4,9,1,1,0,6,9
218,4df42757-57a9-4fb5-a98c-dc6466975531,problog,5,8,6,0,3,4,2,9
219,bc2650aa-e0cb-4609-8ed2-f7d8d0a50bd2,problog,6,3,10,0,3,1,4,9
220,c098e153-5bf1-43a4-93d8-4de29397f638,problog,7,4,9,0,4,0,5,9
221,fd0cdba5-b8ee-4970-b961-bec9c394197b,problog,7,8,8,0,1,3,4,9
222,7f345c38-3304-4a5a-9113-2ff0bbf51e19,problog,6,4,5,3,2,0,5,9
223,aefd7603-c0e7-41a7-8d6a-55c3e9266f0b,problog,5,4,7,4,3,1,5,9
224,380c79db-075a-44a5-a9c3-da667187665f,problog,7,4,7,0,3,0,4,9
225,544088b6-918a-43ba-b9ea-33b534827d8a,problog,2,3,11,4,1,1,6,9
226,43dd3743-2763-456c-a89f-5b83365524c6,problog,4,4,8,1,2,0,5,9
227,c97e8bd3-49b5-4374-a575-13d23ea8a8f1,problog,6,4,10,1,3,0,6,9
228,f6d42137-c819-4710-b06c-abeb3cc2d464,problog,8,5,9,0,3,3,4,11
229,8c45fabc-c45a-4616-894d-3c572d2eba1d,problog,5,7,4,3,1,1,5,9
230,9ebe5101-b9f7-454f-a8af-74c176b59031,problog,5,3,11,3,2,0,7,9
231,7dce14af-64ec-4109-96a8-40aec28c575d,problog,6,11,6,0,1,3,4,9
232,7749b8d5-d566-4c1f-8dce-debae86cc224,problog,8,9,3,2,3,3,3,9
233,64fb8252-185e-4a47-a0d1-80c9dd0f5c74,problog,5,5,10,1,2,0,7,9
234,b5568002-7e27-41fe-b91e-8d557e70026f,problog,5,6,7,2,2,3,3,9
235,d399e31d-a5eb-4123-8ae4-3dca6023d82b,problog,6,4,6,1,2,1,4,9
236,027fabc4-29ca-4cbf-93b1-1dfb43a98483,problog,6,6,8,1,2,0,6,9
237,23fb523e-3c8d-4d23-a676-035935a4b303,problog,5,4,13,0,1,2,5,9
238,5c3b1c82-c9e0-4151-a57e-7d205f06a321,problog,5,7,6,1,0,1,6,9
239,882ecc65-c816-4d9e-b96f-98753edad1c7,problog,7,1,10,3,3,1,5,9
240,3e9b917b-fe75-4754-9cdb-2402e679bbfc,problog,7,5,7,3,2,4,2,9
241,094c12a1-c36f-4bd7-a34b-f695a21e09e4,problog,6,4,9,3,2,3,3,9
242,2dc0bdd1-7f4a-45d7-b4dc-5efcfa74d4e8,problog,4,8,7,1,1,2,5,9
243,539b0d76-934e-49f7-b48d-51a2cff737de,problog,6,2,9,3,1,0,6,9
244,2422c3eb-208c-4494-94b2-cc45c1b87ac6,problog,7,4,7,2,2,0,6,9
245,f7170e47-9d4e-4407-91a8-deedecafde07,problog,2,7,10,0,1,1,6,9
246,621e64e2-8478-4922-bb50-e4c24aa82f94,problog,5,7,7,1,1,0,7,9
247,cd16309a-d7f7-422b-84c8-b89a0a38f282,problog,8,4,5,3,2,0,5,9
248,295a03f2-6b51-4fdf-9767-7359d3b7c1ad,problog,7,4,8,2,2,1,5,9
249,ce6c3ac9-5484-49ca-a52f-61da028cde96,problog,4,4,8,3,1,2,6,11
250,29a19cd1-9fcb-4fcc-b214-030d02803ca0,problog,7,10,3,0,5,5,2,13
251,c3349b60-c87e-43e4-a31e-70dbac1d3749,problog,5,4,9,2,1,0,6,9
252,1248ecfe-b52c-4e63-a113-23d60f7f5f9e,problog,6,3,9,2,2,1,5,9
253,b50b60ca-8aa7-4651-af24-28e25eef96b3,problog,7,5,7,1,3,1,5,9
254,44d376ae-49ab-4cda-858a-8974b037ac25,problog,4,5,7,2,1,0,6,9
255,6c0ae806-bf4a-4570-8020-613e70d1b517,problog,9,3,7,1,4,1,5,11
256,1b9bd799-1816-4751-8742-59e21f912d36,problog,5,2,7,2,1,0,6,9
257,a6c3dce7-7da8-43c4-b103-4fc58f11eb60,problog,8,6,6,1,3,3,3,11
258,854cb05b-9f96-4773-9b06-14edf89ad3c7,problog,7,6,7,2,2,1,5,9
259,674fef98-63c5-46fc-9af0-49b68628065d,problog,5,3,9,1,1,0,6,9
260,c115fa0f-99b3-4ba6-891d-e130c3a5b6c4,problog,3,9,5,1,2,2,5,11
261,9e9847e8-bf62-471d-aa98-70b1cadc370f,problog,7,5,8,1,1,0,6,9
262,3d882b3c-9620-48c3-aeca-a800eb330240,problog,7,6,6,2,2,0,6,9
263,855fd08b-213d-4e05-94c2-a38d1c3812b3,problog,8,8,6,1,3,3,4,11
264,cd82234e-4a9c-4b3f-8911-782ae636e413,problog,9,7,3,1,5,0,3,9
265,0d637b8c-691a-46cb-92d2-622542bb9304,problog,6,6,8,1,0,2,5,9
266,ce55a6b2-d040-4ae3-93fa-8fc3228def36,problog,4,5,11,2,3,0,6,9
267,f218a376-9377-40bb-8eae-f70220c35c87,problog,4,6,9,1,1,1,6,9
268,7dbbb212-ceb9-4469-a46e-419ba6d0078e,problog,4,9,6,0,2,3,4,11
269,05482206-dc89-4c73-8e74-69fdefcb5fe0,problog,5,2,10,4,2,0,6,9
270,1861235c-9837-47f5-931b-554c63a8c661,problog,6,4,4,3,4,4,4,13
271,337fbf40-a82a-4a86-8d37-ae2e0bdac56e,problog,4,5,9,2,1,1,6,9
272,f9c547aa-e145-4774-8d32-988dea53049a,problog,4,3,10,2,1,1,5,9
273,cb4c045d-0aee-4666-946f-e8d45b79920c,problog,10,5,8,0,4,1,4,9
274,ee1698d3-a219-4e99-ab5d-25794cd19a38,problog,5,4,10,0,0,0,7,9
275,e001bf1f-0578-4c3b-bfff-6f56cbec8144,problog,6,5,5,2,0,2,5,9
276,aa2c8af8-a410-422b-acdc-53199f1bb156,problog,5,8,7,2,2,2,4,9
277,154f0de9-a986-438e-9729-33f1f9060658,problog,7,3,7,1,2,0,6,9
278,17c4fe3c-07f9-4fc2-97e3-e197d224ea2d,problog,5,6,10,0,2,3,3,9
279,e0fba367-5b65-4655-8bac-e6bae0e29e8e,problog,7,3,9,3,3,0,6,9
280,d80883b8-cc8f-4b30-8f1a-a1bc81035b28,problog,3,5,10,1,2,0,6,9
281,1eed5c19-26df-44d4-bed8-bbfdb362163c,problog,6,2,8,3,2,0,6,9
282,8b77fdab-59d0-4bc2-8223-e98e32851639,problog,5,3,7,3,1,0,7,9
283,24a1b4b2-91bd-44fc-9769-c3dfa2da3ccf,problog,7,5,7,1,2,2,4,9
284,88ba37f9-1b7d-47e6-880a-b06b8d13d07b,problog,5,3,11,1,0,0,7,9
285,a5504ea7-d8de-4342-9c29-0a7e5a04945d,problog,9,3,9,1,3,0,5,9
286,31133b9c-386a-452b-9c65-511f3e061e09,problog,7,6,8,0,3,2,5,11
287,8f601838-d1b5-4b9d-852c-e1178b2046b8,problog,7,7,7,1,2,0,6,9
288,d85542d9-0878-450c-bc72-87425e5e796e,problog,6,2,11,1,0,0,7,9
289,deb175ba-c39f-41e9-84de-b11abad2ff8a,problog,6,7,6,0,2,1,5,9
290,0e807538-4c24-49f4-ad38-109d67a7900f,problog,6,4,10,1,3,1,6,11
291,56ff9da4-6041-4bb8-bf9b-ea6dc9e3d39e,problog,6,2,10,3,2,0,7,11
292,565b0043-2238-4dd4-84e7-566ae4b7bd21,problog,8,9,6,0,3,1,5,9
293,0db4f275-e436-45e3-b8b5-0c4526ca2bc5,problog,7,5,9,1,3,2,4,9
294,c48f27f1-90b0-425b-93f7-05d808535c35,problog,6,6,6,1,2,2,4,9
295,3ff373b8-01af-43bc-b738-c1aea78900f9,problog,8,3,11,2,2,0,6,9
296,9319b3da-0157-4a0b-bffe-83df6e47afc0,problog,7,6,6,0,3,2,5,11
297,9f3670bc-f94b-4469-86f3-0054e699f1a6,problog,5,4,12,2,2,3,4,11
298,93217f9a-0556-46e2-8a7c-61d6a3c5cfdd,problog,7,5,8,1,3,1,5,9
299,22ad711b-c0d3-4af9-9d05-7472cbf39d88,problog,8,3,10,0,4,0,6,11
300,bc642825-436f-422c-bafa-60b7ce91614e,problog,8,3,9,0,2,1,7,11
301,fa3efe76-cd7a-4cfd-967f-ee1e36f3eba6,problog,9,2,5,2,1,0,6,9
302,01439eae-47d9-4258-a18b-95e5d13ac52d,problog,5,5,9,1,3,0,6,9
303,0f180159-915c-4c14-a9a9-4163d10b642f,problog,4,5,8,2,1,1,6,9
304,1f6ba06b-835a-4124-8113-73f4839445a2,problog,9,8,4,2,4,3,3,11
305,b4ee0b91-019c-47ff-92a3-a2434c404134,problog,6,7,8,0,3,0,5,9
306,c4d80404-564b-4ffd-ae1b-ce696dc19df6,problog,3,6,8,2,1,0,7,9
307,e6beab24-514f-460c-8f82-e454d66b8eeb,problog,6,6,8,1,2,0,7,9
308,c610f295-3010-43bf-a329-de5b87a53662,problog,9,3,8,1,1,3,8,13
309,5858a8a0-229c-4651-b209-8b47f54d137a,problog,7,3,7,1,3,1,5,11
310,c83bb3fb-6d91-4501-b67e-e199128b362c,problog,7,4,8,0,2,2,4,9
311,25f2c542-c399-49a6-a3bd-1e095fcf5fa8,problog,8,3,9,2,2,0,6,9
312,133e09e2-4046-4325-8c94-2c19f6cd32cf,problog,7,4,9,0,1,1,7,11
313,6a8f4b49-6d9e-4784-8a02-04c43c6f0b9c,problog,7,4,8,0,3,2,5,11
314,6942c8c8-0cf3-42e5-af05-3086c086dc2e,problog,4,4,11,1,2,0,6,9
315,26365e83-ea25-418f-8142-c70ef6a27ff4,problog,9,3,4,3,3,0,5,9
316,4939be3a-1280-4987-9b7e-d5ae24ebd3ef,problog,3,2,10,2,0,0,7,9
317,e96d0874-f20f-4941-90b0-f7f378e986fa,problog,4,7,6,0,2,2,3,9
318,56356ccc-8d77-4261-8f2c-07355c1dfcb3,problog,6,4,7,3,2,1,5,9
319,2eb505ab-ca1d-4f02-9a06-a6f07fc9dfe1,problog,6,2,10,3,1,0,7,9
320,09e3ac0a-e5c7-464f-944c-ff8e3485bc5e,problog,5,5,8,3,2,1,5,9
321,feefb56d-f99a-4548-a777-133f5dbf2ce7,problog,2,3,7,4,0,0,7,9
322,dd004506-2767-4bdd-8692-f911ceba4c49,problog,4,8,9,1,2,3,3,9
323,1a46b397-ce9e-48f7-97e1-5a64c9efe80a,problog,5,5,8,1,1,1,6,9
324,6f878609-6aa2-4350-b0b8-67a9fdd0fcb0,problog,6,5,8,0,1,0,6,9
325,c6679ba7-711f-4a29-8d4e-a8716569cf86,problog,4,5,9,0,1,1,5,9
326,a73c02e5-5adc-4696-b377-a374911db796,problog,4,7,12,0,1,0,7,9
327,8958f3ce-26c1-486d-92f5-569a0a0647bd,problog,4,5,8,0,2,1,6,11
328,4091b62b-f1f9-4c4f-bec5-aa9206207fe1,problog,7,4,7,0,2,1,5,9
329,a7ce7fd3-1b6a-42b2-9bc1-6b98a6452aec,problog,5,4,7,4,0,2,5,9
330,4511e1cf-21d7-4203-b699-9f796c1d4acc,problog,5,4,9,2,0,0,7,9
331,dc95018a-cf56-48e5-83ba-3725ae53f40f,problog,2,5,8,2,0,1,6,9
332,6733d6b9-dde4-4fff-8e30-6e9b70419cad,problog,8,4,6,3,3,2,5,11
333,6a32ce14-b4af-4127-b06b-90e3101d2d50,problog,8,1,9,2,2,0,5,9
334,a0dd179f-b193-47b4-8043-d7adf103c682,problog,5,3,7,5,1,0,7,9
335,567aa8a7-3920-458f-9acd-44514ef7b962,problog,5,8,6,0,2,1,6,9
336,a59b78a5-3478-4933-a293-4cb208d2c358,problog,4,3,11,2,1,0,7,9
337,0831fae4-42a1-4e5e-8c05-3c468e120a6e,problog,4,6,11,1,1,1,6,9
338,5ebc6f94-b51b-4def-8535-b0903fac5f24,problog,7,4,10,2,3,1,5,9
339,c9ed1d25-b462-44d8-860b-8c704fab4abd,problog,3,3,10,3,1,0,7,9
340,2ef8ade4-2501-4a4d-bfb6-ce150ee88d3e,problog,5,5,7,1,3,0,5,9
341,19d15997-0fef-4e93-ae62-d35379450cb1,problog,10,3,6,2,4,0,4,9
342,87abbdae-d7fb-4d98-a253-9c91829a7957,problog,5,4,13,0,3,1,5,9
343,2ae6cfa5-fe0e-48da-881d-dc39d5a4aa9b,problog,5,5,8,1,2,1,5,9
344,410d1f3d-6165-4f5b-bc71-5e6d0f82cebc,problog,11,1,7,3,4,1,5,11
345,929c669b-bd16-43cc-b2a7-1f03f3737b4b,problog,8,3,8,2,2,1,5,9
346,51c0f256-418e-4bd2-bcc4-9f9f909371f5,problog,6,6,5,1,4,2,3,11
347,1c06b48d-1a5d-4908-94fe-504251a87aeb,problog,7,6,6,0,1,2,5,9
348,5a4c3f71-5fc2-4d97-bebb-a0d255660086,problog,8,9,5,0,5,3,4,13
349,d3bf91ca-4c8a-48ab-9181-92fdbd356e24,problog,7,3,8,1,3,0,5,9
350,b0cb28c9-c17a-42d4-a22b-335868c576d7,problog,7,6,7,0,1,4,2,9
351,6b2d84b0-ce4e-4ef6-9dff-2d2c46887f27,problog,6,4,6,3,1,0,6,9
352,89c8c3aa-7a6f-4518-8a6b-5f1f8a95ba90,problog,4,5,9,2,2,0,6,9
353,26aafc46-7489-4492-8a43-d703cc614931,problog,4,2,9,3,1,2,8,13
354,1ddcfd34-8da1-4ee4-94c7-aaa37c62cd7c,problog,7,7,4,1,4,1,4,9
355,74961be3-5d19-43c5-b81b-94e72c4546d0,problog,11,3,4,3,5,0,4,9
356,6a86ef42-5953-438c-8deb-780f9c181181,problog,10,6,6,1,4,0,5,9
357,968ab779-11fd-41bf-8d65-591d208cda14,problog,4,4,12,1,1,0,7,9
358,e0d03075-940f-4e1c-891b-c30881676429,problog,4,6,4,3,1,1,6,9
359,62754064-5bc6-4f75-9d08-9fd60c8da578,problog,4,2,11,1,1,0,6,9
360,359147cc-0523-42be-b2ce-58d5b15305cd,problog,7,2,9,2,2,0,6,9
361,a3faff14-b666-48a1-aa03-9b7316704183,problog,7,5,10,1,2,2,4,9
362,28512968-afb1-47fd-8413-b0bdd8aacf3f,problog,4,2,12,1,1,1,5,9
363,6bdc45c9-37a3-4745-b9f9-cd739a256ec7,problog,7,2,9,2,3,0,5,9
364,dbfa3428-60b7-4241-a94e-bb7ef873ddb9,problog,9,4,6,2,4,1,4,9
365,bdeb2d31-0df3-4459-b2d1-b6e6b1f35466,problog,6,3,8,2,2,0,6,9
366,045b981c-5200-4299-a6c8-d96b4e5cd48a,problog,8,5,9,0,3,0,5,9
367,a75fec24-e333-4a2b-a7df-4f90d70c65d9,problog,3,4,11,2,1,1,6,9
368,878c7d9f-b364-4432-b81c-1e7a18822711,problog,3,1,9,3,0,0,7,9
369,a3668855-7ccc-4cf1-a3db-16b408d764f0,problog,7,4,7,2,1,2,5,9
370,caf923e8-cd65-431a-bf2b-4e536eb6c743,problog,8,4,5,3,2,0,6,9
371,403368dc-2cf5-4789-ac11-3cc909e35c50,problog,4,5,6,2,2,1,5,9
372,390a5673-1d27-48cb-9bee-e4ec148f9e2e,problog,5,5,8,1,1,1,7,11
373,ea6e0125-98af-481b-96a6-3e27931b3e09,problog,7,4,7,4,1,1,6,9
374,bbb3c972-7342-4b49-a7d4-7eb744ec5d8e,problog,5,5,9,1,2,0,6,9
375,20fe41a5-25ec-4957-b472-35f048f3a0c8,problog,4,6,9,1,2,0,6,9
376,76905f34-2cad-4388-a498-aaecf719e7c0,problog,7,4,9,0,0,1,6,9
377,0e3df69f-5eb9-4201-aae8-ec98375a6ab2,problog,6,5,8,2,2,0,6,9
378,b993134d-2930-420a-bad2-3481ae289c32,problog,5,4,8,2,3,1,5,9
379,3cce6e74-7516-4f34-8c82-f65794beea0e,problog,6,2,12,1,2,1,5,9
380,6cf15ae7-a893-4183-9ac4-a6dd8127fb71,problog,5,4,11,0,2,0,6,9
381,7fc83724-b74f-4c21-9e6f-a68cbc2bab06,problog,6,7,6,0,3,1,5,11
382,ba6a3a0e-8c05-4836-bfee-f6a6206f1434,problog,2,3,12,0,0,0,7,9
383,aa674e46-ef2b-4143-8ec0-22591d8c7ab7,problog,7,3,7,3,3,0,5,9
384,eba0131a-d10e-4ad6-8705-581f70ba8a27,problog,6,5,5,2,2,3,4,11
385,8403d2a8-8e10-4520-a6f0-17325ce91a67,problog,8,5,7,2,2,1,5,9
386,c25a6132-a42d-46fb-b299-6f0c5a8aa18d,problog,3,8,7,2,2,1,6,9
387,9aaafdb2-cecb-49f9-839b-4bfc67557371,problog,4,5,11,2,1,0,7,9
388,dc372ec9-31dd-48d4-885d-44b94134fa34,problog,6,1,10,2,0,0,7,9
389,c42be02a-fd6a-4c1f-85da-0070435f95d2,problog,7,7,7,1,3,1,6,11
390,cb743bd6-e252-4d90-a9d5-b07b675eed15,problog,8,6,5,3,1,1,6,9
391,2632006b-d158-4f4b-8add-631a850ff865,problog,4,4,5,3,1,0,6,9
392,d9083818-b4b9-4598-8173-3126323c632a,problog,6,3,10,2,2,0,6,9
393,00ab23c8-2bd3-4c9f-8d99-6f20b2c587c8,problog,3,6,9,2,1,1,6,9
394,932b10cd-dc4b-4dc3-9711-651df29492e9,problog,6,4,8,1,1,0,7,9
395,85ef793c-c6a8-422c-8b12-e9de76444331,problog,6,7,7,0,2,3,3,9
396,e41bb571-3d3e-4c4d-8160-2b4c178035fc,problog,8,7,5,2,4,5,3,13
397,432cd1b2-43ab-4be0-bfe0-f0ffd5c29944,problog,5,5,9,1,4,1,5,11
398,ac8a5fa3-7175-46df-8dea-b4d80619bc24,problog,8,2,10,1,5,0,5,11
399,dfa91ef7-ce85-4fa8-8c99-0fab9e9300df,problog,8,5,8,0,2,0,6,9
400,d6e0ad7d-1b7a-469f-a15f-de4e64c74f78,problog,8,3,7,2,0,0,7,9
401,bf932fe3-3a6f-43ef-a033-12394fd59b47,problog,9,5,5,1,3,1,6,11
402,87c9afb3-1bd2-4b90-8b30-e1df7d0e9901,problog,4,4,9,1,1,1,7,11
403,4e9f1b4e-866d-406c-afe7-026ccd010478,problog,4,3,10,4,0,0,7,9
404,16c54530-225b-4bb0-b8e6-ddaf65e997d4,problog,4,5,11,2,1,0,7,9
405,8cc8e56c-4314-456e-b20a-dcf47464a4ec,problog,6,4,9,1,2,0,6,9
406,8caf93de-8d9c-46b3-a603-446cc2469ee7,problog,4,6,7,1,1,1,6,9
407,390d2971-2f89-4262-af35-92fc4d11fb12,problog,2,6,7,3,1,2,5,9
408,a6b50f15-2acf-4bcb-9a7c-c7f7441de27b,problog,7,4,8,2,3,0,6,9
409,f39a429e-39af-49a0-8c5c-5e8f67260d9c,problog,6,3,8,4,2,0,6,9
410,a5402f74-d6aa-4e4e-9618-89b4b41f6e54,problog,9,3,6,3,2,2,4,9
411,2dad5b26-aa5c-488d-ad40-d8358aff9d8f,problog,5,8,8,0,2,3,3,9
412,3cc91a81-df51-4d65-bb95-f59b96a34d43,problog,5,4,11,0,2,0,7,9
413,f38fdbea-11ce-4bd5-86c7-21129b81815e,problog,7,5,10,1,2,2,4,9
414,81d54f3d-a064-428b-b5b8-1d9266e9d5e8,problog,6,4,10,1,1,0,7,9
415,b7561de5-ded9-41a0-9279-de805e9affc6,problog,9,4,5,2,1,1,5,9
416,2d90f5ff-132f-4c54-9c72-d78187620bcd,problog,7,3,8,1,2,1,7,11
417,0c7b2ee9-a786-47bb-b9db-bebb529d225b,problog,4,4,11,1,2,3,3,9
418,befdbbb7-a793-4109-ae65-eb6d6d319ddc,problog,5,6,7,0,3,2,6,13
419,f896c85c-b4c8-4313-8c1b-f1a60f9a0c02,problog,7,6,8,2,2,0,6,9
420,0038f253-312e-4a21-b131-efe55ca9f57e,problog,6,6,5,1,3,0,5,9
421,886ea9cf-a566-4465-8b1c-418d801d7762,problog,6,1,12,2,1,0,7,9
422,07860416-c2c7-4899-b7bf-21aa1a3c2aae,problog,7,6,9,2,4,1,4,9
423,2ef22179-ae40-4657-ba88-f1781111d81b,problog,7,6,6,4,3,1,5,9
424,a7dbc290-7260-4aa4-9bc2-db99319f358c,problog,6,4,9,3,1,0,7,9
425,36e41e4b-3f9a-40e6-bee5-16efb299dbbd,problog,3,5,7,1,2,2,5,11
426,8a9cbe60-c473-4743-befa-df460020b7c2,problog,4,5,9,2,1,1,5,9
427,9d968318-b431-4042-8229-65fbe0f0b6ac,problog,4,8,6,1,2,4,2,9
428,e71db1e4-bc59-4f42-a1b0-3317be4eae35,problog,6,4,7,1,2,0,5,9
429,b57ec0df-91ef-4868-8267-4251bdf5868e,problog,8,4,6,1,1,1,6,9
430,92d09324-b516-4e6c-b74e-fc40a8d9de3c,problog,10,5,4,2,2,1,5,9
431,be39420f-cd8a-4b7d-b86b-e4df6d5c2ca3,problog,4,4,7,1,1,0,6,9
432,cadf52f8-764d-43e8-b4b0-f6c34e35ee3b,problog,6,6,9,1,2,0,6,9
433,6f7c1e6c-1f7f-4086-aa0d-e7358e32668e,problog,9,5,7,1,4,0,4,9
434,ed3f8ade-e446-43ae-82f7-d96f524c346d,problog,6,4,7,1,4,1,3,9
435,cd7a0b89-9145-4833-8b06-557c161f4df8,problog,6,8,7,1,1,2,7,11
436,c95378a7-8225-4963-b0bf-57a730907ce0,problog,5,5,6,3,1,2,5,9
437,1c914114-04c5-47a8-9d7c-3a808348b55f,problog,7,3,9,1,1,0,7,9
438,34409e8b-3543-4e3e-85b0-820fb00538fd,problog,6,4,7,3,1,1,6,9
439,de4c9095-a602-4e70-b3ec-f65b032b87a4,problog,6,5,11,0,2,0,7,9
440,c007e12d-fe44-4e98-99fc-6667bce89d8f,problog,7,5,10,1,3,2,4,9
441,4f41c97c-f99d-4c26-84aa-65f0f0e4c1cc,problog,6,3,12,2,3,1,5,9
442,8db68fa4-f7b0-4ccb-85eb-ca57e8e59cbd,problog,7,3,6,1,3,0,5,9
443,6a3be9a5-d509-4c98-9eb5-1835a50074d6,problog,7,6,7,0,3,2,3,9
444,706fb8d6-af98-4584-b9c6-7e3ad469ada1,problog,5,2,11,0,3,0,5,9
445,b768be8b-f469-4874-b958-885d109490dc,problog,5,4,10,2,1,1,6,9
446,3dafb526-bed8-44ab-8b45-c5684a4fd24b,problog,6,6,9,1,4,1,4,9
447,8a606206-97f7-4414-9188-249fb97317f6,problog,10,2,4,3,2,0,5,9
448,ce7fad08-ecb3-44b4-b1b7-432d3f9a93cb,problog,7,6,9,0,2,3,3,9
449,47f09a07-4e18-44fb-81bc-789ce790d3a9,problog,6,3,8,2,2,0,6,9
450,14a4fe08-78ef-4669-8bf1-40365a456366,problog,8,1,9,0,4,1,6,13
451,0df96288-c8f8-437d-a3b4-8018662748ae,problog,6,5,6,2,3,0,5,9
452,96f03367-6e26-44bc-b058-d3039ee83205,problog,7,5,6,1,2,3,3,9
453,e83ca5d9-5b17-4c93-bef0-40f7d1968b16,problog,10,6,5,1,4,0,4,9
454,42fc3858-0cd0-429e-a81e-a6b2a5ca8f7e,problog,6,6,5,3,1,0,6,9
455,5c182d4e-11cf-4334-8d46-6cd0098f0b94,problog,6,5,9,2,3,0,6,9
456,3e360de0-cc0c-41a2-b692-9e41ccaecca7,problog,9,4,5,2,2,1,5,9
457,95b301b4-773b-46d9-91eb-6615364befe6,problog,7,5,7,1,1,0,6,9
458,157da9b4-a077-4cbb-9e4f-e5a7b6dd5c7d,problog,7,6,4,2,3,1,4,9
459,6b825890-dba6-4578-9c32-1cde24d95457,problog,5,3,8,3,1,0,7,9
460,fd71bb16-ad2f-4b5a-ae33-62a8a74d8332,problog,7,4,7,2,1,2,6,11
461,acb4ef4f-542c-4258-a379-d8e3841b152a,problog,6,4,7,1,1,1,6,9
462,ddcc92e4-8c14-4b4e-b893-fe10df97eb61,problog,6,4,5,3,1,0,6,9
463,1d8e0e49-fa79-4a8a-963b-3abc24d6a341,problog,6,5,11,0,3,2,4,9
464,757b092a-baf3-45ce-9cad-264bd276b4b8,problog,4,4,11,1,2,1,5,9
465,c52fecd2-b544-4dae-a8b2-e865623e5993,problog,11,4,6,0,6,4,6,17
466,fe8c4390-8ed3-4958-81ab-9daecaaf8533,problog,3,1,9,5,1,0,7,9
467,af6d521f-669e-46e8-aaa5-4bcb56777878,problog,6,4,6,3,1,1,6,9
468,e9abb7c8-2089-466f-90d3-c845e689e6b5,problog,8,7,4,2,3,4,5,13
469,f5ba6154-3b90-4dae-8a2f-e9c809461b1d,problog,9,1,9,1,4,0,4,9
470,b867040b-6880-4085-b7aa-3b26a46a1cee,problog,7,7,6,1,2,2,4,9
471,c83e5e40-2ff9-4474-bf18-f21b3037fd96,problog,9,5,6,1,3,2,4,9
472,fda8efac-e4f0-45ee-aa6c-40213974b34e,problog,6,5,7,2,2,0,5,9
473,e3abdddf-93fb-40be-9c4d-02752f723a78,problog,6,1,10,2,0,0,7,9
474,e1ac3091-38f3-4d98-8b8d-c7d764472465,problog,6,7,9,0,2,1,6,11
475,152a7e70-a2e3-4350-86e8-81baef63a284,problog,3,3,9,1,1,1,5,9
476,7a2491c3-7d32-4287-a7d8-345a8cf4083c,problog,7,3,9,1,2,1,4,9
477,69a86165-a1b5-46d8-99f6-303c13239aa4,problog,5,11,4,1,2,5,1,9
478,2f942c9e-0e7c-4841-91ed-c20b58ef72b9,problog,5,7,9,1,1,1,6,9
479,a3e16ccb-3d81-4aa6-9ce5-810d33a41392,problog,4,8,8,1,1,1,6,9
480,67dba73e-2444-42df-8acd-917233c83a42,problog,6,3,9,2,1,0,7,9
481,e59c4196-4ce9-43ad-8a23-c9c608086c63,problog,10,2,6,3,3,0,6,9
482,5580f3a4-4f69-4fa7-b3cd-3c467ccf79ac,problog,7,4,6,2,1,1,5,9
483,645dd571-087c-4c56-88a3-aba497b50c6d,problog,6,7,9,0,2,2,4,9
484,bd19b47a-02be-4145-8d22-0e60dd668e3f,problog,3,6,8,0,2,1,5,9
485,64ba2517-1dff-4720-b69c-8492fbd73f1c,problog,10,2,6,1,7,1,4,13
486,a18c251d-30f3-43c0-b17f-23195aa005fb,problog,4,8,9,1,1,3,4,9
487,0bb7cfd1-6d7b-4be0-b9cf-f440f2069c1d,problog,7,3,9,1,2,0,6,9
488,312473a9-3829-4cf5-bd42-d7abd4c11cdc,problog,4,5,7,2,0,0,7,9
489,8c464b21-c553-4edc-8380-1b377239b9d6,problog,6,6,7,1,4,0,5,9
490,a836acff-43de-4ccc-836a-2d83dd33d697,problog,5,2,10,2,1,1,7,11
491,dca90059-af2c-4384-992a-0758f16f286e,problog,8,3,6,2,2,0,5,9
492,7b31ad0a-f76a-4f92-b725-2b0379d9fab9,problog,7,5,7,1,4,0,4,9
493,9a44c422-ab40-41cd-a5c0-00e059a95c41,problog,7,5,6,1,3,0,6,9
494,72f7282b-cee7-453a-9a26-af66ba5d40de,problog,8,3,6,2,1,1,6,9
495,99f0eebc-283d-4e87-85f4-a9758d8c385b,problog,7,3,6,5,1,0,7,9
496,cf802e41-fabc-438d-8420-5929c7e4f0e1,problog,7,9,5,1,4,4,2,11
497,08a7b598-67aa-40a4-8158-c031227ac00f,problog,8,0,11,3,2,0,6,9
498,549b72ed-f8e3-4c1a-886a-2e1a07f8f69e,problog,8,4,7,3,2,1,5,9
499,0b4d47d6-e4e7-44fc-80b0-40d2467ba0b5,problog,7,5,10,1,3,0,6,9
500,e1c9c809-6389-4b7e-8217-b016ef13b20b,problog,8,3,9,2,3,0,5,9
501,400555d1-8c8b-459b-abd6-5735928caa58,problog,8,6,7,1,4,0,5,9
502,1fdb5fa9-59c1-4ef3-8433-77c683f859ca,problog,7,4,7,2,3,0,5,9
503,079c194f-2a3f-472b-9e05-228223775bfd,problog,4,4,11,1,1,0,7,9
504,cccda757-63c1-493e-bdcf-870f119cda6b,problog,8,1,7,2,2,1,5,9
505,323c2256-d9cd-490c-aeac-19e4b51823e1,problog,7,5,10,1,0,0,7,9
506,17deab6a-8107-4539-b8d6-eb8a73c811ce,problog,7,7,4,1,4,1,4,9
507,8531417b-e5ec-4c7d-8e94-fa61f95b4959,problog,4,11,5,0,2,3,3,9
508,f64c3681-d665-4669-8332-87a5dd24a421,problog,11,4,6,0,3,1,4,9
509,73753495-68fa-4bf6-a216-8537e7dd6912,problog,3,4,9,2,0,1,6,9
510,28e67225-45f7-4631-996e-c77edd6dab50,problog,7,5,6,1,3,1,4,9
511,ee792037-0a92-45b3-8935-dd2613d0cecd,problog,5,6,8,2,2,1,6,9
512,279d2685-1e70-47c5-8300-662cb5fc36e1,problog,5,6,11,0,3,1,5,9
513,bce9a11f-00e8-440a-8b01-b71cc2d5ff68,problog,6,8,2,3,1,1,5,9
514,40aa3a89-1af8-49f4-b051-e80f51b03490,problog,7,3,8,3,1,0,7,9
515,3ea0950c-8808-4111-a108-01b6f8ea4136,problog,7,4,7,0,3,1,5,11
516,e0a0fe29-d1e1-4fc9-b196-844e16396b8b,problog,7,4,10,0,3,1,5,9
517,767a8202-3d6b-4385-bac7-f2b3f26d04c3,problog,6,4,7,3,1,0,6,9
518,26c4f3dd-0486-4df3-ab0a-906c47501ab6,problog,3,3,10,1,2,0,6,9
519,61b57346-8b7f-41d7-9928-ac321dc5530c,problog,7,6,7,0,2,4,2,9
520,b86e12ac-30c9-4296-aa05-3142cddf3793,problog,5,6,6,2,0,1,6,9
521,c29c9402-49f1-4ba9-a8ce-189713bcd4c4,problog,6,3,10,2,3,1,5,11
522,191e16ce-6024-44b9-8e82-8e6aed8248db,problog,4,7,5,4,2,1,5,9
523,75d0d221-8819-4182-9b2d-a7e8991d37ac,problog,7,3,10,1,2,0,6,9
524,f2339ce1-69be-4514-adc4-80504bd13037,problog,7,2,10,2,0,1,6,9
525,5e3c3f06-b875-466f-b21f-c65afbe4f22b,problog,4,4,8,1,3,1,4,9
526,909d062c-5082-405d-9573-422dda59d01e,problog,8,6,3,1,5,3,4,13
527,9154be4e-613c-4330-a041-afb5b66e2469,problog,7,5,5,3,1,3,5,11
528,6f022cd3-2cc6-40b5-bd2c-6173d3d83508,problog,7,3,8,3,3,0,6,9
529,4c969133-4522-4cf1-b489-e1bf63b21f4a,problog,6,3,11,0,1,1,5,9
530,de15cf98-2db7-47f5-b9e0-f92a9aa44c08,problog,7,4,8,0,2,0,5,9
531,b5f7944a-fd8c-483a-936c-81ced7ebde8f,problog,10,7,5,0,5,1,3,9
532,5aff7b16-c007-43b5-9ada-42956f97abcd,problog,7,6,8,0,1,2,4,9
533,57458cda-778c-4b9e-a4c4-b506b234fea3,problog,6,2,12,1,1,0,8,11
534,46691fc9-71d4-451e-b791-3479bfe198b9,problog,5,7,8,1,1,1,6,9
535,1218e979-52c0-456f-851c-7096a016db81,problog,7,6,8,0,2,0,7,11
536,3b91d27f-7eee-4c65-a7e6-93cc9031ec27,problog,4,2,10,1,2,0,5,9
537,841b1a4e-64d6-4384-baa4-8925813de8de,problog,10,3,5,2,3,0,6,9
538,80a4ce08-1f99-4e50-9535-8b366d801305,problog,5,6,4,2,1,0,6,9
539,1437bf54-4b4f-4641-9979-e0d09932a335,problog,5,9,6,1,1,0,6,9
540,6e2c6205-4ccf-4719-af16-9a2b8032ceff,problog,6,3,9,2,4,0,5,9
541,3c07386f-7816-4f58-ad7b-5dda4a3df023,problog,6,3,10,0,2,0,7,9
542,ffdf2236-a326-46aa-8837-c596835fb105,problog,3,5,11,3,2,1,6,9
543,859a243e-343c-4698-bfc8-128b5851d539,problog,6,2,13,1,3,0,6,9
544,6627b2b0-35fe-4dbf-ab84-7104be442951,problog,6,7,6,2,2,5,4,13
545,879dfe2f-fedb-4843-b7b4-251147455c4e,problog,4,9,6,0,0,1,6,9
546,928df4d6-7a82-44b6-9946-df3dbf8a320a,problog,9,6,5,0,6,2,5,13
547,d2262c23-63d5-45fa-b679-9628a7ad6c45,problog,9,5,7,1,2,1,5,9
548,aa150c8f-ef30-4102-b816-a7f2e957d76f,problog,7,3,8,5,2,1,5,9
549,177ca660-1326-429f-8c99-535117b84848,problog,6,7,7,0,3,1,5,9
550,15643e9c-e7ab-4118-b2f2-d160f788b822,problog,4,4,10,5,3,0,6,9
551,ca573cab-6875-4085-8383-a5de9f5ad8b2,problog,6,8,7,1,2,3,3,9
552,daa97bec-9bc4-43b3-a9b6-fcdea59a836a,problog,6,3,12,2,1,0,7,9
553,c2dcbeb0-adb7-468a-9b41-ee374fab2d1d,problog,6,5,5,4,2,2,3,9
554,aad7b136-7b21-4bcd-9d9e-07b4df3f3757,problog,4,3,6,4,1,0,6,9
555,cc46c95c-93ec-44b9-9bb7-038b369124f2,problog,8,4,5,3,2,1,7,11
556,2277e089-c0ef-4f8d-ad9c-c17904f43ea3,problog,7,0,8,4,4,0,6,11
557,1ca1ed99-c3fb-4607-8fa5-538fbcbd742b,problog,5,8,9,0,3,2,4,9
558,4e96e7a5-12be-4855-9c7f-f1bf694e500b,problog,5,4,4,6,1,1,6,9
559,6e8e9fec-d520-4771-bc8d-cffa16432f4e,problog,7,4,7,2,2,0,6,9
560,af9061f0-3b81-4498-8988-975babb515e0,problog,5,2,9,2,1,2,5,9
561,d6435fc8-4500-48e5-90a0-b0b837eff5a2,problog,10,4,6,1,1,1,5,9
562,8cb8082b-69aa-4e3d-8e80-18d3ef087791,problog,4,5,6,2,0,1,6,9
563,c31619ae-cf3d-4c47-ab6a-e3e993046c3c,problog,7,3,9,1,3,0,6,9
564,dcb4b547-20d6-4071-a1e6-58a394c103a0,problog,7,3,9,3,2,0,6,9
565,76d8474d-84cb-40c6-81d8-928005fcc126,problog,9,4,8,2,3,0,6,9
566,ab1fa150-4a7e-433e-85f9-91c9e8910713,problog,10,4,5,1,3,0,5,9
567,2509152f-903a-49cf-97fe-fe59ecf93f80,problog,5,4,7,0,2,1,6,11
568,de3a941e-0acd-4e5b-8a15-0f0e2c493241,problog,8,5,3,2,3,1,4,9
569,b6c0bef5-f944-465b-b9ab-a4ebc6ba93cf,problog,10,5,6,0,2,2,4,9
570,1c56c55d-3e06-439c-ae70-e4472f88ca87,problog,5,5,8,1,1,1,6,9
571,c73590af-3ff1-40f7-a932-593627422778,problog,6,7,9,0,3,3,3,9
572,c47ac3f8-8876-4b12-a068-1a7abeb0c1f0,problog,4,4,14,1,3,1,5,9
573,48b226df-daf8-437a-b0a7-a2cd4ac5cc09,problog,6,5,9,0,3,0,6,9
574,cf496d39-7f46-4283-9331-051c2cc31807,problog,8,5,7,2,1,1,6,9
575,dc2c9987-87a5-4d03-a115-3a9de354b742,problog,9,2,8,0,2,0,6,9
576,973b7082-5ee1-491c-8855-55a2169bbcc4,problog,5,6,7,2,1,3,3,9
577,3fe29583-7cab-4743-b3b1-ba1cc70a5797,problog,6,5,8,2,2,0,6,9
578,98b33a51-8ba0-4cda-9011-7418d29066d4,problog,7,4,9,2,3,1,5,9
579,41db0713-7c5e-4ece-b2c1-c8df69e691d8,problog,5,4,8,2,2,0,6,9
580,8bdffe0e-6f62-409b-81d9-d8b841acb827,problog,5,3,11,1,0,0,7,9
581,f56835ce-99da-4a31-9871-bbbce810c45e,problog,9,1,8,5,2,0,6,9
582,5be6a244-2e0a-42ca-9ec2-5a032f78e197,problog,6,2,9,3,2,0,6,9
583,06ac1d26-37f3-4320-be82-d6fbba363c73,problog,7,4,8,0,1,2,5,9
584,72ba51f8-b842-40a7-a13f-30bd8d862877,problog,5,5,9,1,1,0,7,9
585,6b2f03f3-4079-4552-8b2c-d12cc28ebba2,problog,3,4,9,2,1,1,5,9
586,fabc60a2-0d43-4838-8ab8-3d90346e0774,problog,9,1,9,1,3,0,5,9
587,a55b6f1d-ed0a-4458-a4b8-3f643a7765ae,problog,8,6,6,3,3,4,3,11
588,f8f4b071-8fa0-448a-8841-5668229583c0,problog,7,8,5,2,4,1,4,9
589,7c405182-87bd-4dde-ab09-7c3e5fcb48ef,problog,5,6,8,0,3,0,5,9
590,580aba09-c78d-4c50-a91b-ee4927df4497,problog,5,4,11,2,2,1,5,9
591,35175cca-0d26-43df-abf1-d8cbd9c1350a,problog,4,5,9,2,1,0,7,9
592,8e569113-6bf2-4af7-89be-d9683c303416,problog,4,4,8,3,1,2,5,9
593,821f8dc1-d524-4c73-bbe9-7c26a35f7f84,problog,11,4,6,0,6,1,3,11
594,e4f7c34f-cb7f-4692-9076-69a44732d5eb,problog,5,6,9,2,2,0,6,9
595,0e511ce7-f83f-4a4a-9ee6-d9eeaad9fef1,problog,8,2,9,1,2,2,6,11
596,e2e195c1-0942-4468-9a50-dbfd95228cf3,problog,7,6,9,0,2,0,7,11
597,1ae33e36-d8b0-41fc-818d-48ca4229a5cd,problog,7,3,7,1,3,0,4,9
598,7b9d5446-8ad6-452f-8b91-2ee1bb555548,problog,3,4,14,0,2,0,6,9
599,ef299239-fcf1-4f28-86ed-f99b2ef2b77b,problog,8,4,4,3,2,0,5,9
600,16027558-79f8-4930-8654-909274cca663,problog,5,3,7,5,1,1,5,9
601,6842014b-d56e-447d-a2b7-a95d90e7c699,problog,6,7,8,0,2,2,4,9
602,40a1833f-ed96-43ba-a57a-eca6a5b993fa,problog,6,8,5,1,3,2,4,9
603,972215b0-8caa-46a4-980e-7f3da2416638,problog,8,4,6,3,4,0,6,11
604,f2c076ea-e432-40ef-882e-c9bb728d5751,problog,8,3,6,2,2,0,5,9
605,74ec7257-5818-420b-a904-f56fa6ea7568,problog,9,3,9,1,3,1,4,9
606,a4c5fdbe-8614-4a1b-ae41-a24e4cb89f38,problog,4,8,7,1,1,3,4,9
607,e0d8fa00-cc19-48b0-b2f5-74d52d2e09d5,problog,6,4,6,3,1,0,7,9
608,4c7699b6-8813-4f28-bcb3-b3ba03ec2dd9,problog,8,9,5,2,3,1,4,9
609,2669a48c-0306-4eea-8cd3-59ff9b12b14c,problog,5,5,8,1,1,1,5,9
610,a1fdf27a-6aae-4900-a94c-717cd1346c16,problog,6,3,9,4,3,1,5,9
611,bdd9082c-3785-490a-9672-057256a49f2b,problog,6,7,7,0,3,4,3,11
612,13557cce-7c3e-4623-9ba3-84bbdbf9ee03,problog,9,3,10,1,3,0,6,9
613,883438c8-4257-40af-9ee2-82db68bf7155,problog,3,3,9,1,0,2,7,11
614,1a1a734a-0396-4c65-8e24-beb636decd9c,problog,11,1,8,1,3,0,5,9
615,3363c62c-025b-4bcb-90d3-8c80a0390665,problog,5,6,7,0,1,2,4,9
616,7c8387de-3e56-4342-9cf9-a6c31f83017e,problog,6,2,11,1,2,1,7,11
617,c1e3015b-133e-4a31-a16a-e10adf3e8c54,problog,4,3,10,2,2,0,6,9
618,8e0a47a6-318f-4e75-9854-3f8da9f3459b,problog,7,4,10,2,2,1,5,9
619,56a1bfc0-50a9-42dd-900c-ea8934ab4b2c,problog,6,5,9,2,3,0,6,9
620,b151a847-35d6-47df-a122-46f947f95b95,problog,2,2,13,1,1,0,7,9
621,1102f62c-cd78-4828-916f-94a04cd3d195,problog,5,6,7,2,1,2,5,9
622,72d1fa0a-c7c9-45f8-beb4-d82f2b645ff9,problog,6,6,4,3,3,0,5,9
623,8cb51937-26b1-4095-a3d7-7e8aafd6b29a,problog,7,8,6,0,2,1,5,9
624,651f8d9e-c4f7-47fe-810f-e37b4f629036,problog,8,5,6,0,2,1,5,9
625,e7fc5dc6-ffcd-4fc7-b1a4-2bf3d1df875a,problog,10,2,9,1,2,1,5,9
626,c7480f54-e330-4596-8746-3c079d953d51,problog,4,6,6,1,2,1,4,9
627,0dd3e552-8d36-40d6-b88f-6ad6e34dbfd9,problog,4,7,10,0,2,1,5,9
628,9aedd2d7-9c76-44d0-88e6-428cb71a5691,problog,8,5,6,2,2,0,6,9
629,eb34cedc-32a5-4e33-b3e7-3240ac6f38a7,problog,7,5,5,3,2,0,6,9
630,3c875e7c-61b8-4c8f-9cda-a77e910832b1,problog,7,4,8,2,4,1,5,11
631,c5ff3251-3e13-4cbf-b89c-e113eab8ba74,problog,5,4,11,0,2,0,6,9
632,ce819964-d275-4a3d-a293-623274e9c164,problog,7,7,6,1,3,0,5,9
633,274a538d-f7ee-47e2-8bd0-9d1dc35be034,problog,7,6,7,2,4,1,4,9
634,60c42b40-7dc9-49d8-8fd3-10834294b454,problog,8,7,6,0,2,2,4,9
635,313f7347-3f8f-43f8-aa06-7d7d6355410b,problog,7,3,10,1,0,0,7,9
636,44c65bcd-a6da-4b32-a332-95ea1e0c9751,problog,5,4,11,0,2,1,5,9
637,aa18c7b1-0dcd-4fe7-b979-f729bfee2921,problog,6,5,8,2,1,0,6,9
638,be7c0973-17a3-4d4e-84ad-337bac9372b9,problog,3,6,10,0,0,2,7,11
639,b6225df9-4af6-470d-a13d-446e0abdf476,problog,7,10,5,0,1,4,3,9
640,2df5080f-53a6-4abb-ae8c-9ffc191639db,problog,9,3,10,3,3,1,5,9
641,f3ae0329-7a52-4707-b183-cee036a19cbb,problog,6,4,9,3,3,0,6,9
642,d61eccfc-bffe-439d-97c4-ff6f815db23f,problog,6,6,5,1,1,2,4,9
643,a26f70c9-db25-4319-b972-a3633199a3a0,problog,8,4,8,1,2,1,5,9
644,14e7dfc6-e475-4d89-958b-862b2210d68a,problog,5,6,9,2,1,3,4,9
645,9a6645bf-1e84-4841-a646-edc315fafcf9,problog,6,3,7,4,2,1,5,9
646,ba436e88-2f8b-45c0-b19d-ce1ecc817236,problog,5,0,9,4,0,0,7,9
647,7d0f6c1b-1aec-4062-8ff8-e36baa70ea27,problog,9,7,6,1,4,0,5,9
648,3d52ff3e-1bc8-4ded-a8a7-af9478410fa6,problog,5,3,11,3,3,0,6,9
649,bf535023-c895-41b3-bb29-1644c5f9a197,problog,4,7,10,0,0,0,7,9
650,583b2aa3-30ad-4daf-8cd7-ffe2d8929723,problog,7,5,7,1,2,2,5,11
651,c5a575ce-b518-4d36-8c56-69b805aa832d,problog,4,3,10,0,1,0,7,9
652,c11fbbb9-f978-42f6-986a-6727fb269489,problog,4,2,10,3,1,0,7,9
653,8353ff43-59d0-4f68-9962-57d70c5f461f,problog,5,11,6,1,2,1,5,9
654,f2e0992d-e49f-49f3-b9a5-48b64e63ef7c,problog,7,6,7,2,1,0,7,9
655,9b8069ae-f3a8-4179-a024-0baf11638b76,problog,7,4,9,0,4,0,4,9
656,375f1b8f-11f1-4705-bcf5-36fa201df031,problog,5,5,10,1,2,0,6,9
657,13716456-c026-4793-bce5-88878ed2aad4,problog,9,7,6,1,3,3,3,9
658,ffd8271f-9144-4270-86e1-9d7d062d9f95,problog,5,4,9,2,1,0,6,9
659,bbad4166-db86-4fb4-ba7d-b53d30178115,problog,6,4,8,1,1,1,6,9
660,635786ec-f2ca-4ce0-9c35-53919da7b9a4,problog,9,3,6,1,3,0,5,9
661,18b8e9db-1a7a-40c5-886f-01e6c1445d00,problog,7,3,8,1,4,0,4,9
662,f590fd77-1b3f-41e2-8d2c-d01c505b7e1d,problog,4,6,8,1,1,1,5,9
663,ae1667f9-fa37-44b2-9413-dc796d0aca6a,problog,7,6,6,0,2,2,4,9
664,4343246a-c18a-478a-afd5-2654adef0596,problog,3,4,12,0,0,0,7,9
665,a6ea9f1c-2ce3-48b9-9533-52eeb7152a2a,problog,9,4,6,2,3,0,5,9
666,2390fb86-683e-41c8-aa7c-799a95d99595,problog,7,3,11,1,3,0,5,9
667,41d8b09b-814b-45da-a0fd-700e5fa439c1,problog,10,4,7,1,6,0,4,11
668,9a5c9d1f-29ef-4587-8854-731420269915,problog,8,2,10,1,4,0,5,11
669,c4c0a57f-e899-4129-9333-0ecb4728e027,problog,6,4,7,3,1,1,6,9
670,74997829-fb3f-4ec4-b15e-7855c67e6e8d,problog,6,2,8,3,2,0,6,9
671,839a66ab-9928-429d-bb64-72482442a208,problog,6,3,6,2,1,0,6,9
672,f06d01a5-d57e-46fe-b3b4-a9f533008b76,problog,7,3,8,1,3,1,5,9
673,557c574c-45ad-4fb6-b8be-162f036f0a8d,problog,6,3,10,2,1,0,7,9
674,9c950aed-47bc-4b54-813f-2bcb263a3a47,problog,8,2,10,1,2,1,5,9
675,4427f106-9a4b-45fe-b77a-7dc64ecfe329,problog,10,3,7,0,4,1,4,9
676,7cc600eb-a1cc-4662-a880-c3bd392f555e,problog,7,3,9,1,3,1,5,9
677,3d3cfad7-170b-406e-a142-d1eb054dba1a,problog,3,5,10,1,2,0,6,9
678,e52ce0a6-0875-4375-9921-f750e060f1f1,problog,5,5,9,3,1,0,7,9
679,87098f7e-4e1f-4c6a-a145-e8e339fe2fe6,problog,7,1,11,3,3,0,6,9
680,9de56e08-4d53-4894-968e-0595d19dbead,problog,8,5,10,0,5,0,5,11
681,364c6565-8709-45d6-a30b-0ad0da86b0f3,problog,6,3,10,2,2,0,6,9
682,6e4607be-0529-4125-bf65-c4c6ee5719b7,problog,5,1,8,3,1,0,6,9
683,37ab7d6e-86fd-4e23-8dcd-76fb464f7eb8,problog,4,6,8,1,1,1,5,9
684,214d9ed5-68b6-4afa-a2ba-e0d2eb5c5242,problog,4,5,9,2,0,0,7,9
685,e10fe30b-2a38-4ce2-990d-4bbfa9ce59cf,problog,7,7,4,1,2,2,3,9
686,ead5a82e-9e7d-4f74-8efe-38b7948b6b6f,problog,7,3,8,1,0,0,7,9
687,a4bbbcde-c64c-4768-8dac-87ac1dc5dc2f,problog,6,7,7,2,3,2,4,9
688,90cbb7f1-98dd-41bf-82d1-e1ed9ddba084,problog,6,5,7,0,3,0,5,9
689,ea6ee500-3eee-49cf-aba1-af452651d3b8,problog,5,4,10,2,0,0,7,9
690,8ac77b30-e841-45b0-b6b4-d1f59978e088,problog,6,3,8,4,1,1,5,9
691,d27ceabf-bff1-4f34-a271-a07ac1c42fcf,problog,3,6,8,0,1,4,2,9
692,75c7cde0-63bc-4f05-94be-5b26c2fc480a,problog,7,6,6,2,2,1,4,9
693,1fd29c92-ee7b-4427-a177-2191a1886f8d,problog,4,3,11,0,1,0,6,9
694,78e210f5-aa21-4278-acf9-49c291892d46,problog,5,5,8,1,2,2,5,11
695,1ec94d2a-e587-4c24-8b78-32cd572a1d94,problog,5,5,10,1,1,2,5,9
696,61e70fd0-fb06-4598-add8-1d1a23935423,problog,8,3,8,2,3,1,4,9
697,d884df9f-8227-4159-a358-06870af6ae5a,problog,9,4,7,2,3,2,4,9
698,ca9fcc9e-58c3-404e-b0ac-b5892e2fa17a,problog,6,5,10,0,3,1,6,11
699,e81a39b0-8c06-4592-81c2-5ac8a3dfe849,problog,3,3,10,3,0,1,6,9
700,f5d7e561-64eb-4ff9-819d-b55b2f602390,problog,8,5,11,0,3,2,5,11
701,333815ad-fe8b-4ba8-895b-72e01768851b,problog,7,5,9,1,2,0,6,9
702,dd5895d4-6627-477e-a59b-d5ec1a04f7cf,problog,4,4,13,1,2,2,4,9
703,b495ba9f-db65-4aa2-a274-011a3a3501d7,problog,5,6,6,2,2,0,6,9
704,482a6ba0-dd47-476e-86b1-93e6f6fc873c,problog,8,1,9,2,2,0,6,9
705,b951523f-9e9d-489a-8e30-4fe285b94b60,problog,4,7,5,2,1,1,5,9
706,984c7313-ca6e-4ecf-abf5-50e17e4e0330,problog,5,5,7,3,1,1,6,9
707,08395679-549b-4188-9f6e-f671a3fa5142,problog,9,2,6,2,3,0,5,9
708,c66e6efb-ff39-498c-bbe2-a30c7eb42b9f,problog,5,5,9,1,1,0,6,9
709,ab3c5bd3-3125-4e25-bacc-0d7f71cc7a52,problog,5,5,9,1,2,1,6,9
710,befaf5fd-74ca-4310-ac0c-7179ddd2990e,problog,8,3,8,4,1,2,5,9
711,d2e18605-eff3-40a5-8865-11b399eb328e,problog,7,2,5,4,2,0,5,9
712,d097bfc8-7f9c-4073-9328-ddb885ec03d1,problog,4,3,11,2,2,1,7,11
713,7d1b18b7-3906-4387-b70c-4e0555c824fb,problog,4,6,8,1,3,3,2,9
714,6a0419d9-86c2-4ae7-9025-ee542daf2b5f,problog,9,4,6,0,2,2,3,9
715,115b78f0-4458-4f96-9970-0169072be7c6,problog,7,5,8,1,1,0,7,9
716,49102649-4819-4c97-b0a4-1b64e285a166,problog,6,4,10,1,2,2,4,9
717,6ae444aa-3162-4cee-852f-3e05e02a3df8,problog,6,4,6,1,1,3,3,9
718,49053417-a9e4-49eb-b777-da112daa8a7e,problog,7,5,7,1,2,0,6,9
719,a652bdfe-f001-4d26-9859-928a38cdcaa0,problog,4,3,12,2,1,0,7,9
720,88a099b4-9138-4dba-91ed-7ee389e6b4a4,problog,3,6,11,0,3,0,5,9
721,bd69f2fb-3532-4f2a-8acc-e448dc0913e2,problog,8,3,9,0,3,0,5,9
722,97999e09-a3e8-4d21-bcd4-36c2942946f0,problog,6,5,9,0,2,2,6,11
723,7dbb8a06-edb1-40b6-82d9-1d310c8c9c46,problog,4,5,10,0,2,1,6,11
724,b26d5d49-1813-42ab-8904-2fe65db6bf97,problog,5,5,10,1,1,1,5,9
725,5eb6d20d-d1f5-4ea0-bf07-4c30a7b71c39,problog,8,3,12,0,2,1,5,9
726,c701f3bf-cdb3-40a6-828c-437eeb1f124c,problog,5,8,7,2,1,1,6,9
727,60f16f1d-229c-48ab-9025-d9d08c488656,problog,7,8,6,2,4,4,4,13
728,17259bc2-de5e-4648-a9ed-36ebfd0bcd3a,problog,6,5,8,0,2,0,6,9
729,04859122-fb44-407b-84c4-fdff0cfc2862,problog,7,1,6,3,1,0,7,9
730,50eb60cf-c63e-405c-b74c-d2026f3640b0,problog,5,2,9,2,1,0,6,9
731,67482d3e-9b15-441c-85be-fe77c82b6664,problog,6,6,6,1,3,1,6,11
732,cf3719e2-4ac7-4d3f-a129-4b529a7f00be,problog,6,2,10,1,1,0,7,9
733,8994d0f5-47b3-4c3d-b4bc-047751ba8ad0,problog,8,6,5,1,2,2,4,9
734,3ec42031-7e6d-42d3-86b6-2e53c3da6a2e,problog,8,6,7,1,3,0,5,9
735,442a3058-5cdf-4326-b0af-3565c9ebeea8,problog,6,6,4,3,1,1,5,9
736,1d9dd2d4-3e85-4c20-b7c2-c4b8837361b4,problog,4,5,9,2,1,1,5,9
737,3dcf5fcd-6026-4a4e-b9c8-378db1cf57c8,problog,6,5,9,0,1,0,6,9
738,feef28be-51e4-40b9-a075-bbd8f07ba90e,problog,4,7,9,0,2,2,5,11
739,ec0e3dde-6643-41d5-92c1-0c32ad9710aa,problog,7,1,9,1,4,1,6,13
740,56d117e5-3448-4b3f-8719-8066aba931f6,problog,6,4,11,1,3,1,5,9
741,c986a96c-5dca-4f9d-b54a-715ad37ead5e,problog,2,4,7,5,1,1,6,9
742,1b9fa7fa-8fab-47e4-997b-6db4d6bf257a,problog,7,5,6,3,1,0,6,9
743,1e246c66-7ade-4186-9eb3-d233ca9f2396,problog,4,3,10,4,1,2,4,9
744,25d4f9d8-26bd-461e-b394-5f8a9f8d6f89,problog,7,5,6,1,1,3,3,9
745,38c348c0-6c28-4006-9859-7738c605b8b8,problog,4,6,6,1,2,0,5,9
746,a4327bb8-246a-4bac-9e5e-1da44de451f8,problog,9,6,6,0,4,2,4,11
747,33402e08-fa09-4f20-9ca9-d44e1c4f004b,problog,4,3,12,2,0,0,7,9
748,893f5026-2eeb-435a-becf-3a4f4f3fb935,problog,5,3,11,1,2,2,4,9
749,a8a43dd1-e2b1-4e55-978d-8e41e744f3a0,problog,6,5,10,0,3,2,4,11
750,b15cdfcb-f43b-4bf6-833a-df0b3c8156ac,problog,8,3,6,2,5,1,4,11
751,301ef969-a138-4de0-bb65-ead0ea71a0c4,problog,5,7,8,1,1,2,5,9
752,d08a83e9-d509-4c4b-baf9-51c2df6eabd2,problog,9,4,7,2,2,0,6,9
753,0106cc0b-d0d6-4361-8efb-21edb2ce3108,problog,8,3,6,2,1,1,5,9
754,b025b8d8-141d-4bee-aaf4-e339acb2ce0f,problog,6,7,7,0,2,1,5,9
755,44b0154e-b923-407d-9059-8f7545d15be3,problog,8,5,5,2,4,1,4,9
756,fe22768f-25bc-45a9-8554-6fe7c577153c,problog,6,3,12,2,4,0,5,9
757,05ba6a37-0fa8-4a20-86c7-aca72af0891a,problog,10,4,6,1,5,0,4,9
758,2282bbbe-f9eb-43b7-9a3c-54dffc2f48f6,problog,4,3,13,2,3,1,5,9
759,d9ca63a0-7cd2-437a-a57b-571b2c886eae,problog,4,7,8,0,1,2,5,9
760,81d0107e-9f15-49a1-b3b0-8a231379d5cc,problog,10,4,7,1,4,0,5,9
761,303b5388-1201-4b8f-97ee-5d1c87dfb899,problog,9,5,5,1,3,1,4,9
762,b96a3d66-6e7e-4e5b-97a2-257408fa7f17,problog,6,5,8,0,3,1,6,11
763,918972f7-b926-4217-9be8-f1a4c8ce91bd,problog,5,2,7,6,2,0,6,9
764,78ae163f-2b34-48c7-87de-22487fa4ec93,problog,4,7,7,2,3,1,5,9
765,fca68ab4-4911-4e11-aa2a-142838f9e3d0,problog,4,5,9,2,2,1,5,9
766,7efa84ca-3138-4d7c-ac77-f77361fa0fe9,problog,4,7,11,0,0,1,6,9
767,f0433525-14eb-46a3-bf77-c5e11af612bc,problog,9,5,6,1,4,1,4,9
768,bce54fce-5c9d-4cd2-bdee-2fc37d13fc19,problog,10,2,7,1,6,0,5,11
769,96e49de9-21b6-4be0-be9f-8fa2501a1504,problog,8,4,9,1,2,1,6,9
770,df982451-69e2-4163-bf44-3d0bbaf0d141,problog,10,7,5,0,5,2,5,13
771,74577430-79d7-46d8-8b77-fa2bec8f2a81,problog,5,6,12,0,1,1,6,9
772,3edf1c1e-e4d2-4fce-a356-ad1c61333af8,problog,8,4,8,1,4,1,6,11
773,afd3cbbe-69f4-4a5a-9564-e1b075c52cac,problog,5,2,12,2,1,0,7,9
774,52c915f2-46ad-49e0-84fe-e546f0c67e91,problog,7,1,10,3,3,1,5,11
775,c83916cd-c963-4074-9d89-4a80d35fda09,problog,9,3,5,3,2,0,5,9
776,0fd5d1d3-e5af-46c0-a9aa-9cd44b0d3d1f,problog,5,5,6,1,1,0,6,9
777,bdb99a8e-d30b-4c79-a09c-67e88ee16375,problog,7,5,8,1,1,1,5,9
778,175f1227-20f4-469c-8dc3-b726f81eccc2,problog,6,5,11,0,3,2,4,9
779,8a2e077e-152d-473a-a6a8-b455d6326e4f,problog,6,4,9,1,0,0,7,9
780,7978a1d3-2c75-4e6b-857e-5e05ef6827dc,problog,5,3,13,1,2,0,7,9
781,4fa3396f-4250-4b08-bb86-7626366ed39c,problog,7,4,8,0,3,0,5,9
782,f3b2c3ab-61be-4927-8262-151616158957,problog,7,5,6,1,1,1,5,9
783,f4c2722e-4d75-4879-a57c-f71e599376e4,problog,7,5,8,1,3,3,3,9
784,948d00f6-918a-470b-92ae-ba398cd9f3ac,problog,5,4,8,2,0,0,7,9
785,de2b1d20-b4a8-4b25-962c-e5a828cc1934,problog,8,2,9,1,3,0,5,9
786,0aad0b6f-a51c-4aca-88ec-9f977e1ce406,problog,7,2,10,2,1,0,7,9
787,02b6fe28-cdab-4a73-80ae-ca6a38837078,problog,6,9,6,0,2,2,4,9
788,e3c9a42e-fbd7-4099-9e14-6ff9ff197dce,problog,7,6,7,2,2,0,6,9
789,2cb17b38-9a2c-4c6b-8eba-317989a247ec,problog,6,4,5,3,3,0,5,9
790,d54e3516-cc40-487f-bb5e-8e174eb489cc,problog,6,3,10,2,3,0,6,9
791,07ab965f-268a-4d1f-8df6-c646c51e98dd,problog,2,7,8,2,1,2,5,9
792,6dee77de-2908-45fe-9848-01cfbcbffe96,problog,3,7,8,1,2,1,5,9
793,a039ffe4-1a24-4ce8-85b4-a4719784bd04,problog,7,7,6,1,2,3,4,11
794,8d8c2f7b-e207-46c5-b546-93900883b5a9,problog,5,6,8,0,0,2,5,9
795,204aa4ce-820e-46b8-aafd-a13d79be1f90,problog,7,3,11,1,1,1,6,9
796,6fef0729-4aa0-49dd-aaef-e277997cdc0a,problog,5,4,7,2,1,2,6,11
797,2fcbc722-8b8d-41b7-98f6-54c7588b18b6,problog,5,3,11,3,0,0,7,9
798,053461ff-62fb-488e-99f3-c06d5e7f9d22,problog,5,3,8,3,2,3,3,9
799,bafba6d2-2892-4cc5-bd33-518e35c20145,problog,4,5,8,2,1,1,5,9
800,c68494fc-53b4-4a0a-85c0-1fc101f12b72,problog,8,10,2,1,2,4,2,9
801,4c304301-4886-46f2-b604-8c9dd242a968,problog,5,5,6,1,2,1,5,9
802,1ba5ac2e-6bda-439b-8cf1-6e4e1550da2d,problog,7,4,7,2,1,0,6,9
803,f8c9d739-4696-4ed8-8008-a1a25e6697b8,problog,4,4,12,3,1,0,7,9
804,25bb179f-28ad-49ec-938d-e216fcd94d27,problog,4,5,9,0,2,2,4,9
805,3caf77cc-d9dc-45cf-a518-9a50946c0ade,problog,9,3,8,1,4,3,7,15
806,fccb4c85-7d19-48cb-8467-29f47d8c3af8,problog,7,7,9,1,3,1,5,9
807,ac49d09e-778c-43e3-9cb3-f9f0169aafa8,problog,9,4,9,2,3,0,6,9
808,2895cedf-3002-4fc4-b0f8-8714ce0f79b5,problog,8,4,9,3,1,0,7,9
809,3641f0a6-ef09-4e1b-8504-da18e45b5337,problog,5,6,10,0,2,2,4,9
810,176bf1c2-49f1-4505-939f-19491d1e1c6e,problog,6,6,7,1,0,0,7,9
811,a144e2c1-abd6-4de1-a629-047e7a888dea,problog,6,0,8,5,2,0,6,9
812,53e299d5-84f5-4565-a31c-c7076ca985df,problog,4,5,11,0,2,1,6,9
813,c922694d-5b58-480a-82c2-14d65914eb2f,problog,6,5,9,2,1,1,6,9
814,f7dad724-d9e7-41b0-b50f-35de17f793a2,problog,7,4,8,2,3,3,3,9
815,7c396e5b-6135-463e-bf9c-5d45b8c124e8,problog,8,2,9,1,0,0,7,9
816,9cc0a21c-17e7-41e0-8818-e683cf591eb3,problog,5,4,8,2,2,1,5,9
817,0db435c9-3b62-4c71-b431-e7ea2588e503,problog,5,5,8,3,1,1,5,9
818,9f277e34-3a68-4cfe-ba99-43b9708523e7,problog,8,1,10,0,4,0,6,11
819,2926d9d7-3691-4f06-b4ee-6c0677a1b815,problog,5,6,9,0,1,3,4,9
820,f81b2cfd-7ebb-4aec-b59d-b7803c44f335,problog,9,6,4,0,4,1,4,11
821,3750a994-43ce-4b04-8846-fba154bb3073,problog,9,4,10,0,4,2,4,11
822,4822291a-c67d-4987-91d2-b6a2da7d750a,problog,4,5,10,0,1,1,5,9
823,5d54d9bb-91fc-4bf7-bd09-690812aa32ce,problog,6,3,9,2,2,0,6,9
824,d64ab7e4-7779-4c2a-86bc-c1e8907c104b,problog,9,4,5,2,3,0,5,9
825,be7da9a6-d18d-4c47-8eca-8ba39517085f,problog,8,1,8,2,4,1,4,9
826,53a615d1-fa63-4007-98aa-e2f419138686,problog,6,7,7,2,1,1,6,9
827,65b74f9a-c915-4cb6-ab4d-0bf033f7a047,problog,2,5,10,0,1,0,7,9
828,c27ef7b7-a5e9-460a-9014-1ac1ead86e41,problog,9,4,7,2,2,0,5,9
829,51ebdc76-6109-467b-9d98-6b0284e9c2a6,problog,5,4,10,2,2,1,5,9
830,d760ae06-3b46-4f0c-845d-6e5222493915,problog,10,1,8,2,3,0,5,9
831,7f1fa3bc-3ff4-411e-809a-8770c45577a0,problog,8,4,8,1,3,1,5,9
832,a78a555e-2fd1-426b-9f8a-af965a2a9fae,problog,7,6,8,2,1,0,7,9
833,226bf436-2583-4842-ae1f-61a8f0df44c4,problog,4,2,15,1,2,2,4,9
834,6d3f2317-0f03-468e-9cf3-bcbe8de4046b,problog,6,2,10,3,1,0,7,9
835,3bb7697e-5968-451c-9a0c-f4514d0a3968,problog,8,6,4,3,2,1,5,9
836,b07ab2e3-3f4c-49eb-955c-60e8dcca3c63,problog,8,4,8,1,4,1,4,9
837,e64da580-454d-4a81-b35e-6c3352f875e9,problog,7,7,7,1,2,0,5,9
838,2b90d4a6-5e6f-4e65-8489-b870a1c4392c,problog,4,5,9,2,1,1,6,9
839,8b70b20b-0c46-44b8-8833-a1c161ae54ba,problog,8,4,6,3,3,1,5,9
840,7189edb1-e84f-422d-af0d-f8a9f006e373,problog,6,5,11,0,2,3,3,9
841,bd60ed6a-1746-459e-a97c-38cb61c4f603,problog,4,4,8,3,3,1,5,9
842,e0f377ee-ec3b-4423-81c9-36d85ee445fa,problog,7,2,12,0,3,1,4,9
843,44fa4cf0-6109-4ee7-9e11-3263c9d100e8,problog,3,3,10,1,2,0,6,9
844,3e90ecbb-a1a2-4689-9201-e4bb64ae8546,problog,6,6,8,1,3,5,1,9
845,dd68d37e-b0ed-415c-b1e6-71a46f01aba1,problog,2,4,8,5,0,0,7,9
846,614ddfdc-d2db-4190-9923-2c95280ecd4b,problog,4,5,7,4,1,0,7,9
847,27b6104b-2da1-480e-b2be-b751d08b9625,problog,4,6,7,1,2,0,6,9
848,c4aa617c-53f2-45f8-a78a-49d5fee2b8d6,problog,6,4,7,3,2,1,5,9
849,f6393fb7-8ec9-4341-b5a9-412da607098e,problog,4,7,9,2,2,3,3,9
850,787c520e-3f0a-4ca2-9d37-8e1dd238be44,problog,8,6,8,1,3,1,6,11
851,9e6e681b-8f24-4705-97c2-4180fa6cf75f,problog,6,6,8,1,2,0,6,9
852,0aa2160d-e2f2-4607-96f8-898ca69688ed,problog,1,3,10,3,0,0,7,9
853,652b375d-acd6-465d-90b7-83c99d717e55,problog,8,2,9,1,2,1,5,9
854,aca91089-7e4d-4d11-b91f-ccd02ac4a20b,problog,6,2,11,1,3,1,5,9
855,1fe7d982-ed44-4866-9637-35cb1fee93fa,problog,6,4,11,1,3,0,6,9
856,dbd2cdb6-09ac-4837-84c3-58d1d929cbca,problog,10,0,9,1,4,0,6,11
857,1b0f9dc8-b4c1-4054-98d6-f1216f463602,problog,9,5,5,1,5,1,3,9
858,3e330a52-3a37-4ab9-bcc8-20af9e3b3495,problog,7,3,7,1,1,2,5,9
859,1711ae06-ebc3-4fe4-bfe0-d81dda40cfc4,problog,4,8,6,1,2,1,5,9
860,d6c8e019-97b9-4cc4-94ec-0ba71498de92,problog,8,2,8,3,2,0,6,9
861,6dc6e992-a232-4bbd-a2a6-7b9451eb023c,problog,8,2,9,1,2,0,6,9
862,460d860d-62af-49d1-9e69-cc48635e785e,problog,6,8,7,1,3,0,5,9
863,64863ab1-fc1c-49ef-8754-45bd532bea55,problog,6,4,9,1,3,2,5,11
864,bee835c4-a16b-4904-b4b2-56e43ef65516,problog,6,1,10,2,1,0,7,9
865,67f49699-5db5-4e09-9ee6-a198e9a5f6ba,problog,5,6,12,0,2,0,6,9
866,6a78f16f-e9c2-4243-b7f4-b9ba248dc557,problog,3,7,7,1,1,1,5,9
867,6322e2eb-9ec0-4eb5-9504-cf938de1b4b5,problog,6,7,6,2,3,1,5,9
868,536286f4-a9f1-48f4-a177-75d0d7a3fe11,problog,8,1,10,4,2,0,6,9
869,7defc8c0-2237-466e-aeda-7186b68123ed,problog,7,4,6,2,4,1,4,9
870,3d55cb8e-9ac0-4076-afce-4d689dfde2c4,problog,9,4,4,4,2,1,5,9
871,271791d8-68f0-470c-9f32-2de44f191ed3,problog,8,5,9,0,4,1,6,11
872,2727c8b5-9695-4f11-9288-48cb38c88a65,problog,4,3,11,2,2,0,6,9
873,2d645f9c-5e56-4d39-8029-5289cd223369,problog,7,5,5,1,5,3,4,13
874,4dcb9918-c088-4655-9398-8f5fad550406,problog,8,5,5,0,4,3,3,11
875,c11604b8-5fd3-48f9-b6f8-3b5f4e6099e3,problog,7,5,9,1,2,2,4,9
876,402a4e77-69b4-4a7e-b2c8-b66a0e51936c,problog,8,5,7,2,3,1,6,11
877,ac5debe6-00c9-45f2-87e7-09953ec91026,problog,8,3,9,0,3,0,5,9
878,1eb1e05c-2f01-4d0a-8d2f-22bef8f737f9,problog,6,4,6,3,1,0,6,9
879,65af8b68-98e7-43f5-b223-bc81b3c549d0,problog,5,7,6,1,1,4,2,9
880,946947cd-6b21-4b90-9d13-873398e29619,problog,10,4,7,1,2,0,6,9
881,0acb84d9-7504-41c1-b42b-8c0606ff481f,problog,5,8,8,0,3,5,1,9
882,e47a6c25-38c8-443e-af8f-058154485069,problog,5,4,9,2,1,0,6,9
883,718e7bbf-d789-47cb-aab1-414d800265d9,problog,7,3,10,1,1,0,7,9
884,73c31d9e-a5d7-4005-9166-5e375656b205,problog,5,7,8,1,2,2,4,9
885,3949b4c3-41e1-4c97-a02b-994a0f4fecd7,problog,5,7,7,1,1,3,4,9
886,6230de3f-0a69-4339-82e2-bb8038c6d1a1,problog,4,7,6,0,1,1,6,9
887,98ce38a4-a740-4b60-8bf2-c6e6ab1b296c,problog,7,3,11,1,3,1,5,9
888,d1aba832-88a2-4043-b02a-5c0465c9cd5b,problog,5,4,11,0,1,0,7,9
889,92b37a04-1b6c-4318-a9b4-efcb18ca5ed4,problog,7,6,7,4,1,2,5,9
890,eb3f5fc2-9597-4506-b825-bbd60106330d,problog,6,3,8,0,3,0,5,9
891,a54290bd-50b2-4191-8288-dc837cf467e7,problog,6,4,7,3,1,1,6,9
892,1c75c312-4008-45e3-92ae-e82eb6a2c999,problog,8,7,3,4,1,1,6,9
893,1a24d4a9-cc19-4b8b-b52d-847219204e12,problog,6,3,9,2,3,1,4,9
894,766a0cb4-59cd-4075-865d-451964a40eb5,problog,4,4,6,3,3,1,4,9
895,7b952605-52e9-49f1-9571-78f39a091675,problog,5,4,11,0,1,0,7,9
896,41a726cf-4811-4365-a2ec-9d7630235a07,problog,5,4,9,2,2,1,6,9
897,d1228dcd-a801-4c2e-b238-c57037c47631,problog,4,6,10,1,2,2,4,9
898,fb5c545a-a32b-4bf7-abcf-6df0735d91d2,problog,7,4,7,0,3,3,5,13
899,2d4dc4c7-c52d-4f7b-ad05-4a2ec869bd64,problog,5,3,9,1,4,0,5,11
900,894529eb-2fa9-4125-8ad8-028114b59149,problog,5,6,9,0,3,1,4,9
901,ec0c7d4b-81ad-4010-b776-eeb8ce1c6dbd,problog,8,3,8,2,2,0,6,9
902,57c27876-44df-42b2-8db2-3665bca9e516,problog,7,5,8,3,2,2,4,9
903,5100b474-fbbe-4023-bb11-595b758000ba,problog,3,5,8,1,0,2,5,9
904,4d1a8717-4b36-4afc-87b8-2738e45aa5f3,problog,4,7,9,0,1,0,7,9
905,e2255dbc-3c7a-4d6e-9d9f-ca201c7cceb6,problog,8,5,8,0,0,0,7,9
906,cd2e9fe4-a79f-4b62-aead-c4b82e43dd8a,problog,6,5,9,0,4,2,3,9
907,5b524c92-88e2-41fc-b003-47e641c9826f,problog,6,3,7,2,3,2,4,9
908,923dd8fd-1921-49dd-8feb-7adb324a1780,problog,8,3,5,6,1,0,6,9
909,5ec73ccd-05d5-4400-9657-9ef74c1dd546,problog,11,5,5,1,4,1,4,9
910,8bb157de-149f-419f-bd2a-f6f6bb8a3d4d,problog,6,6,7,1,2,1,5,9
911,b20b3dc2-4632-4231-a76a-f014f125428b,problog,7,7,7,1,3,2,4,9
912,cfe3202f-0743-42ae-9016-ace6f0b261e5,problog,7,2,6,4,2,0,5,9
913,ad20742d-8ee7-4cfe-9865-3d803c9030c9,problog,4,3,10,2,2,0,6,9
914,ff09cdca-0a00-4d70-832d-49804becee08,problog,5,5,8,1,3,2,4,11
915,91e32592-2e94-4b30-82f9-bea1cdf09977,problog,3,5,10,1,1,0,7,9
916,52e4f7a6-6c8c-4425-b9e9-bd566fbfcd4f,problog,6,7,10,0,3,2,4,9
917,4b672883-1ac8-44ce-9af9-4dfdfeb33ef7,problog,6,6,10,1,1,1,6,9
918,3aae9786-43db-43c2-a8dc-c6ebd8938557,problog,6,0,7,5,1,0,6,9
919,c18a0aaa-8f5c-4363-868b-6cb5cd8cf244,problog,4,5,8,2,1,3,5,11
920,cfb2ce03-f3f9-4c49-964d-2d477b08a644,problog,4,6,11,1,1,1,6,9
921,66451178-2ec6-43c1-aead-7efcfcd52ea7,problog,8,4,10,1,2,0,6,9
922,055965f6-94b5-4b21-901d-c705ce45f7a6,problog,7,6,7,0,3,3,3,11
923,cb10196b-31fd-4b77-bef4-26d3c28c211d,problog,8,3,8,2,3,1,6,11
924,816f1587-f147-47b7-85b9-8852b9e5fe1f,problog,4,3,11,2,2,1,5,9
925,be1b5df3-7ffb-4703-9bac-69e6ccdeda43,problog,6,1,11,0,2,1,6,9
926,a30f22ad-5572-446b-8134-9ed3f37b9fb1,problog,6,5,5,2,2,0,6,9
927,e6f8a0f6-7702-4faf-bb51-72a26a50544d,problog,8,4,4,3,3,0,5,9
928,b6ff8ce7-41dd-43be-ba88-fb957415d0e9,problog,4,2,8,3,1,0,6,9
929,e05bf2af-4e37-4117-90cb-3c6f7f4e9bd8,problog,6,8,2,3,1,1,5,9
930,9626e91e-6406-4f9c-8c36-11b38ad83d34,problog,12,4,6,1,4,2,4,11
931,042239b0-1395-45a9-bc11-184f4152673a,problog,4,4,8,3,2,0,6,9
932,96afd510-8784-4dc1-b343-f62e187bbbee,problog,4,7,8,0,3,1,6,11
933,cf9a66b2-54e9-46bf-9607-d080892dc0c9,problog,7,3,10,1,2,1,6,9
934,e584d53d-f2a3-4abd-8f0f-07300b4f1a21,problog,9,4,9,2,3,1,5,9
935,f7ff76cf-e79c-4ed8-ba8a-5565cb9fda05,problog,6,3,8,2,1,0,6,9
936,926c47c7-bd87-461f-a5d0-98aa17cb7eb1,problog,7,4,9,0,4,1,5,11
937,ec5e1bdd-ac7a-4a1f-bfea-4839a9c246f2,problog,6,4,11,1,3,1,5,9
938,c564d55a-bb57-4fb5-8d90-1ace2ac2f7a0,problog,7,9,4,1,3,1,4,9
939,4d441976-a616-4017-9309-edc29ed44ca4,problog,5,8,9,0,3,3,4,11
940,8b1a9b80-0d25-48d8-8851-d07277986f5d,problog,5,4,11,2,1,0,7,9
941,a1a002c4-0102-4321-b979-35a277edb917,problog,3,8,10,0,2,1,5,9
942,9f828452-9e45-4d6a-badd-066627162f62,problog,13,4,6,0,9,4,6,19
943,06b6ce27-1b85-48d0-adbd-996fcc196541,problog,7,2,8,2,1,1,6,9
944,beea33dd-3061-43cd-8afb-b4b70e402fcf,problog,8,4,6,1,5,2,5,13
945,c0b3191a-5f12-4bc4-8304-01f62a21b3e9,problog,5,3,10,1,3,1,6,11
946,e020a9f9-f2d5-4f03-b8d6-454ac8611630,problog,5,4,14,0,1,1,6,9
947,995ec8bc-8be7-4d4d-8e4a-757f971f50ca,problog,6,4,5,5,1,1,5,9
948,e48a04b4-cdc8-4625-af22-22e2426af00a,problog,8,2,9,1,1,1,7,11
949,f9eb051d-08a0-42e1-8c38-6883796787b3,problog,7,4,12,0,4,1,4,9
950,51f70205-843a-4129-a8cd-0ba2a7d4de87,problog,4,4,11,3,3,1,5,9
951,fca18d10-30db-43eb-a08b-03d7dd4c11e0,problog,5,9,5,1,3,0,5,9
952,4a7ff1ec-166b-469c-8b84-e3031651797b,problog,8,6,7,1,5,2,3,11
953,63f00bed-a4e6-4dcb-b3d1-31fc3e439938,problog,3,8,9,2,2,2,5,9
954,ff72ac3c-6e43-4269-9975-00ee35505f1e,problog,9,7,3,1,3,1,4,9
955,e1f9b63a-1f24-4b1b-8833-92107a9c6455,problog,6,6,7,1,3,1,4,9
956,81768f59-89ee-4da5-80d2-e2edb36eb63d,problog,6,7,7,2,4,2,3,9
957,9020447e-91ce-4058-917c-20dc1e2f5166,problog,4,6,9,1,2,3,4,11
958,68b2e855-ad1f-4255-8f98-09b15fd002f5,problog,6,7,9,0,2,2,4,9
959,2e3260c7-10f5-4335-a270-92f25f0342f5,problog,4,7,7,2,3,0,6,9
960,4790bc95-413b-4aaa-9d10-fc2d3a741420,problog,7,2,10,2,1,0,7,9
961,186061bc-1ed3-4f8d-ba58-f4f2704b1d6d,problog,3,6,8,0,1,1,7,11
962,6147cb1e-c49c-47d5-b158-4c487f51c21d,problog,4,9,5,0,3,1,4,9
963,410789a9-ed6c-4882-8764-982db2b2a1fb,problog,7,3,10,1,4,0,5,9
964,5d2314e1-9f6c-40d7-94a9-5c1a2b80358a,problog,7,5,6,1,1,2,4,9
965,8bcf472f-6ad2-4bca-9491-249ec6a6e600,problog,4,1,9,4,0,0,7,9
966,84002b22-a6e9-4095-8fa2-d7e43dae7e8a,problog,7,4,9,0,2,0,5,9
967,2d1804a2-38f0-4287-a503-62b665beadfb,problog,8,7,5,2,2,1,4,9
968,a6c57d71-be37-4c6d-bf3c-90975dd96fab,problog,3,3,10,1,1,1,6,9
969,e78ae5d7-73d2-4665-aa53-992bbce4eb90,problog,6,9,3,2,2,1,4,9
970,c2719e9b-b8b1-413b-84c8-68fa7a6b9075,problog,6,4,9,1,1,0,6,9
971,e55f9669-2fe3-437f-9582-17b951da4c82,problog,6,2,8,3,4,1,5,11
972,cdeac615-4c55-4554-859e-53fd017a1b6e,problog,8,5,6,2,1,1,5,9
973,0dcfb602-eb44-4ca0-b5e1-d1ad14689e09,problog,10,7,8,0,2,3,4,9
974,4ba86cd0-cbeb-46b5-9170-87583e0d5bd9,problog,8,2,7,1,2,0,5,9
975,f13767de-910c-4403-afdc-35f0891868a3,problog,9,2,7,2,3,1,5,9
976,0f4b16c5-8ee2-4513-9c56-1f6880a54295,problog,10,5,4,2,3,0,5,9
977,840ff532-4e89-4b8d-a500-3b399b45f9ce,problog,6,7,7,0,2,1,5,9
978,c8ab59cc-5642-4894-8768-4b982fa0e0a0,problog,8,8,6,1,5,2,4,11
979,959c40cb-81e4-4baa-9f0c-cbab5d828505,problog,9,5,8,1,2,0,6,9
980,83f2333d-c0f8-4c36-a4e0-047d010eb7cc,problog,5,7,7,1,1,1,6,9
981,093a5574-1f38-4880-a97b-2def25b611db,problog,9,2,6,0,4,2,4,11
982,ddc88488-fd2b-46ac-86eb-7d07c9c11fa4,problog,7,6,7,0,2,2,5,11
983,8418c098-e764-4c4c-a964-5eb84f1a6d90,problog,3,4,9,2,0,3,8,13
984,7e2775ca-362e-4385-abbb-29f192396ad5,problog,8,5,7,2,2,0,6,9
985,3f43e879-d02a-4fb7-a4a8-d7a3fcf4157c,problog,8,5,8,2,3,1,5,9
986,d12db1bc-bb10-4292-b350-83df8ed8dd5b,problog,12,5,7,0,3,2,4,9
987,e7ce7e19-6cc2-4c21-8ece-97481111fe48,problog,7,4,12,0,4,1,4,9
988,2eb4de3d-52f2-48b7-924f-9aa8545df0b5,problog,6,4,8,1,1,1,6,9
989,0d7e7d65-18e6-47f1-8a3f-5a2e4219dcc7,problog,10,4,8,1,3,0,5,9
990,1300f5d0-94bf-410e-8922-e0489c7fd39a,problog,9,4,4,2,3,3,5,13
991,b426bbd2-2aa4-4561-aabc-eb4883d5ecc9,problog,4,3,13,0,1,1,6,9
992,0ad57d31-badd-418d-8f3e-46a9507ecc32,problog,5,6,7,0,3,2,5,11
993,31a9e446-bf43-45b8-a3e9-4754f07e05b9,problog,4,5,8,2,1,2,5,9
994,7e664e62-b3cc-4c7b-b374-42825f903be4,problog,10,5,6,2,3,0,5,9
995,4352918f-c38f-4205-8a9e-34bb68f45a1c,problog,4,3,12,0,0,3,4,9
996,19eef1cd-1cff-403e-a09e-933e7a2a09d2,problog,4,3,13,0,4,0,5,9
997,66afcb29-fe48-491f-be98-22e3696497b4,problog,4,7,8,2,1,1,6,9
998,4bba54be-aa4f-447e-903a-a870e570fc6d,problog,4,4,7,3,1,0,7,9
999,bba8b329-4c3a-4542-9600-015ab7164920,problog,6,5,6,2,2,1,5,9
